text,fonts-size,fonts-type,fonts-style,base_str_len,max_str_len
Astronomy,9,NimbusRomNo9L-Regu-Slant_167,,9,9
&,9,rtxr-Slant_167,,1,1
Astrophysics,9,NimbusRomNo9L-Regu-Slant_167,,12,12
"manuscript no. HIpublished
January 13, 2021",9,NimbusRomNo9L-Regu,,43,26
©,9,rtcxr,,1,1
ESO 2021,9,NimbusRomNo9L-Regu,,8,8
"1
2
0
2",10,Times-Roman,,7,1
,5,Times-Roman,,0,0
n,10,Times-Roman,,1,1
a,8,Times-Roman,,1,1
J,7,Times-Roman,,1,1
,5,Times-Roman,,0,0
"2
1",10,Times-Roman,,3,1
,5,Times-Roman,,0,0
],6,Times-Roman,,1,1
O,14,Times-Roman,,1,1
C,13,Times-Roman,,1,1
.,5,Times-Roman,,1,1
"h
p",10,Times-Roman,,3,1
-,6,Times-Roman,,1,1
o,10,Times-Roman,,1,1
r,6,Times-Roman,,1,1
t,5,Times-Roman,,1,1
s,7,Times-Roman,,1,1
a,8,Times-Roman,,1,1
[,6,Times-Roman,,1,1
,5,Times-Roman,,0,0
"3
v
5
1
5
1
0",10,Times-Roman,,13,1
.,5,Times-Roman,,1,1
"1
0
1",10,Times-Roman,,5,1
2,10,Times-Roman,,1,1
:,5,Times-Roman,,1,1
v,10,Times-Roman,,1,1
i,5,Times-Roman,,1,1
X,14,Times-Roman,,1,1
r,6,Times-Roman,,1,1
a,8,Times-Roman,,1,1
Toward Cosmicﬂows-4: The H,16,NimbusSanL-Bold,,26,26
i,17,rtxsc,,1,1
data catalog,16,NimbusSanL-Bold,,12,12
A. Dupuy,10,NimbusRomNo9L-Regu,,8,8
1,7,NimbusRomNo9L-Regu,,1,1
,7,rtxmi,,0,0
", H. M. Courtois",10,NimbusRomNo9L-Regu,,16,16
1,7,NimbusRomNo9L-Regu,,1,1
", D. Guinet",10,NimbusRomNo9L-Regu,,11,11
1,7,NimbusRomNo9L-Regu,,1,1
", R. B. Tully",10,NimbusRomNo9L-Regu,,13,13
2,7,NimbusRomNo9L-Regu,,1,1
", and E. Kourkchi",10,NimbusRomNo9L-Regu,,17,17
2,7,NimbusRomNo9L-Regu,,1,1
1,5,NimbusRomNo9L-Regu,,1,1
"University of Lyon, UCB Lyon 1, CNRS",8,NimbusRomNo9L-Regu,,36,36
/,8,rtxr,,1,1
"IN2P3, IUF, IP2I Lyon, UMR5822, 69622 Villeurbanne cedex, France",8,NimbusRomNo9L-Regu,,64,64
2,5,NimbusRomNo9L-Regu,,1,1
"Institute for Astronomy, University of Hawaii, 2680 Woodlawn Drive, Honolulu, HI 96822, USA",8,NimbusRomNo9L-Regu,,91,91
Received XXX; accepted YYY,8,NimbusRomNo9L-Regu,,26,26
ABSTRACT,8,NimbusSanL-Bold,,8,8
Aims.,8,NimbusSanL-Regu-Slant_167,,5,5
"In this study, we present an update of a compilation of line width measurements of neutral atomic hydrogen (H",8,NimbusRomNo9L-Regu,,109,109
i,8,rtxsc,,1,1
") galaxy spectra
at 21 cm wavelength. Our All Digital HI (ADHI) catalog consists of the previous release augmented with our new H",8,NimbusRomNo9L-Regu,,129,112
i,8,rtxsc,,1,1
"observations
and an analysis of archival data. This study provides the required H",8,NimbusRomNo9L-Regu,,81,68
i,8,rtxsc,,1,1
"information to measure the distances of spiral galaxies through
the application of the Tully-Fisher (TF) relation.",8,NimbusRomNo9L-Regu,,114,63
Methods.,8,NimbusSanL-Regu-Slant_167,,8,8
"We conducted observations at the Green Bank telescope (GBT) and reprocessed spectra obtained at the Nançay radiote-
lescope by the Nançay Interstellar Baryons Legacy Extragalactic Survey (NIBLES) and Kinematics of the Local Universe (KLUN)
collaborations and we analyzed the recently published full completion Arecibo Legacy Fast ALFA (ALFALFA) 100% survey in order
to identify galaxies with good quality HI line width measurements.",8,NimbusRomNo9L-Regu,,432,125
Results.,8,NimbusSanL-Regu-Slant_167,,8,8
"This paper adds new HI data adequate for TF use for 385 galaxies observed at GBT, 889 galaxies from archival Nançay
spectra, and 1,515 rescaled Arecibo ALFALFA spectra. In total, this release adds 1,274 new good quality measurements to the ADHI
catalog. Today, the ADHI database contains 18,874 galaxies, for which 15,433 have good quality data for TF use. The ﬁnal goal
is to compute accurate distances to spiral galaxies, which will be included in the next generation of peculiar velocities catalog:
Cosmicﬂows-4.",8,NimbusRomNo9L-Regu,,515,130
Key words.,8,NimbusSanL-Bold,,10,10
methods: observational – line: proﬁles – catalogs – galaxies: distances and redshifts,8,NimbusRomNo9L-Regu,,85,85
1. Introduction,10,NimbusSanL-Bold,,15,15
Table 1.,8,NimbusRomNo9L-Medi,,8,8
All Digital HI catalog sources.,8,NimbusRomNo9L-Regu,,31,31
"In 2006, we launched a large observational and theoretical pro-
gram to study the large-scale structures and dynamics of the lo-
cal Universe up to",9,NimbusRomNo9L-Regu,,147,64
z,9,NimbusRomNo9L-ReguItal,,1,1
∼,9,txsy,,1,1
0,9,NimbusRomNo9L-Regu,,1,1
.,9,rtxmi,,1,1
"1. Some remarkable outcomes of this
project include the discovery of our home supercluster Laniakea
(Tully et al. 2014), the Dipole Repeller (Ho",9,NimbusRomNo9L-Regu,,144,63
ﬀ,9,rtxr,,1,1
"man et al. 2017,
DR), the Cold Spot Repeller (Courtois et al. 2017), and the car-
tography of the Local Void (Tully et al. 2019).",9,NimbusRomNo9L-Regu,,129,64
"Recently, we set up a distance-velocity calculator that is pub-
licly accessible through the Extragalactic Distance Database",9,NimbusRomNo9L-Regu,,124,63
1,6,NimbusRomNo9L-Regu,,1,1
"(EDD). It is for any astronomer needing information on the lo-
cal gravitational velocity ﬁeld at a speciﬁed location in the local
Universe (Kourkchi et al. 2020a).",9,NimbusRomNo9L-Regu,,164,67
The H,9,NimbusRomNo9L-Regu,,5,5
i,9,rtxsc,,1,1
line widths data in our Cosmicﬂows catalogs come,9,NimbusRomNo9L-Regu,,48,48
"from our observations at Green Bank telescope (GBT) and our
reprocessing of spectra obtained at other giant radio telescope
archives such as Parkes, Nançay, E",9,NimbusRomNo9L-Regu,,158,63
ﬀ,9,rtxr,,1,1
"elsberg, and Arecibo, which
were all gathered in the All Digital HI catalog (ADHI, Courtois
et al. 2009, 2011; Courtois & Tully 2015). Table 1 shows a list
of the various data and their respective publications in Column
2, which was used to build the ADHI catalog. Column 1 corre-
sponds to the code used to refer to the source in the catalog.",9,NimbusRomNo9L-Regu,,343,63
"The goal of this paper is to update the ADHI catalog, with
500 hours of observations at GBT (program GBT18A021) con-
ducted in 2018 and 2019, with remeasured Nançay data from the
Kinematics of the Local Universe (KLUN) and Nançay Inter-",9,NimbusRomNo9L-Regu,,236,61
stellar Baryons Legacy Extragalactic Survey (NIBLES) projects,9,NimbusRomNo9L-Regu,,61,61
,5,rtxmi,,0,0
dupuy@ipnl.in2p3.fr,8,NimbusRomNo9L-Regu,,19,19
1,5,NimbusRomNo9L-Regu,,1,1
edd.ifa.hawaii.edu,8,t1xtt,,18,18
"Code
ksk2004
shg2005
hkk2005
tmc2006
ghk2007
sgh2008
kgh2008
ctf2009
ctm2010-ctk2010
hgm2011
archi12",9,NimbusRomNo9L-Regu,,100,15
hsm2013,9,NimbusRomNo9L-Regu,,7,7
"tch2016
vbs2016
cdg2018",9,NimbusRomNo9L-Regu,,23,7
"Literature source
Koribalski et al. (2004)
Springob et al. (2005)
Huchtmeier et al. (2005)
Theureau et al. (2006)
Giovanelli et al. (2007)
Saintonge et al. (2008)
Kent et al. (2008)
Courtois et al. (2009)
Courtois et al. (2011)
Haynes et al. (2011)
Courtois et al. (2015)",9,NimbusRomNo9L-Regu,,271,24
Hong et al. (2013),9,NimbusRomNo9L-Regu,,18,18
"Theureau et al. (2017)
van Driel et al. (2016)
This paper",9,NimbusRomNo9L-Regu,,57,23
"(Theureau et al. 1998, 2005, 2007, 2017; van Driel et al.
2008, 2016) retrieved from public repositories. This paper also
presents rescaled newly available xArecibo Legacy Fast ALFA
(ALFALFA) Arecibo data. (Haynes et al. 2018).",9,NimbusRomNo9L-Regu,,227,63
2. Measurement of the line width parameter,10,NimbusSanL-Bold,,42,42
"In the Cosmicﬂows program, we measured the neutral hydrogen
line width at 21cm wavelength enclosing 50% of the cumula-
tive HI line ﬂux,",9,NimbusRomNo9L-Regu,,136,59
W,9,NimbusRomNo9L-ReguItal,,1,1
m50,6,NimbusRomNo9L-Regu,,3,3
"(Courtois et al. 2011). This parameter,",9,NimbusRomNo9L-Regu,,39,39
"Article number, page 1 of 9",8,NimbusRomNo9L-Regu,,27,27
A,8,NimbusRomNo9L-Regu-Slant_167,,1,1
&,8,rtxr-Slant_167,,1,1
A proofs:,8,NimbusRomNo9L-Regu-Slant_167,,9,9
manuscript no. HIpublished,8,NimbusRomNo9L-Regu,,26,26
(1),9,NimbusRomNo9L-Regu,,3,3
(2),9,NimbusRomNo9L-Regu,,3,3
(3),9,NimbusRomNo9L-Regu,,3,3
W,9,NimbusRomNo9L-ReguItal,,1,1
m50,6,NimbusRomNo9L-Regu,,3,3
", is the line width measured at the ﬂux level that is 50%
of the mean ﬂux, averaged in channels within the wavelength
range enclosing 90% of the total integrated ﬂux. However, the
parameter",9,NimbusRomNo9L-Regu,,189,61
W,9,NimbusRomNo9L-ReguItal,,1,1
m50,6,NimbusRomNo9L-Regu,,3,3
"is only an empirical measure of the true width
of an HI galaxy velocity proﬁle. A correction for redshift and in-",9,NimbusRomNo9L-Regu,,113,66
1,6,NimbusRomNo9L-Regu,,1,1
+,6,rtxr,,1,1
z,6,NimbusRomNo9L-ReguItal,,1,1
−,9,txsy,,1,1
2,9,NimbusRomNo9L-Regu,,1,1
∆,9,rtxr,,1,1
v,9,NimbusRomNo9L-ReguItal,,1,1
λ,9,rtxmi,,1,1
",
strumental broadening should be applied:",9,NimbusRomNo9L-Regu,,42,40
W,9,NimbusRomNo9L-ReguItal,,1,1
c,6,NimbusRomNo9L-ReguItal,,1,1
where,9,NimbusRomNo9L-Regu,,5,5
z,9,NimbusRomNo9L-ReguItal,,1,1
"is the redshift,",9,NimbusRomNo9L-Regu,,16,16
∆,9,rtxr,,1,1
v,9,NimbusRomNo9L-ReguItal,,1,1
"is the smoothed spectral resolution,
and",9,NimbusRomNo9L-Regu,,40,36
λ,9,rtxmi,,1,1
=,9,rtxr,,1,1
0,9,NimbusRomNo9L-Regu,,1,1
.,9,rtxmi,,1,1
"25 is an empirically determined constant. The ob-
served line width can also be adjusted by separating out the
broadening from turbulent motions and o",9,NimbusRomNo9L-Regu,,150,60
ﬀ,9,rtxr,,1,1
"sets to produce an ap-
proximation to 2",9,NimbusRomNo9L-Regu,,39,22
V,9,NimbusRomNo9L-ReguItal,,1,1
max,6,NimbusRomNo9L-Regu,,3,3
", where",9,NimbusRomNo9L-Regu,,7,7
V,9,NimbusRomNo9L-ReguItal,,1,1
max,6,NimbusRomNo9L-Regu,,3,3
"characterizes the rotation rate
over the main body of a galaxy. Tully & Fouque (1985) deﬁned
the parameter",9,NimbusRomNo9L-Regu,,106,60
W,9,NimbusRomNo9L-ReguItal,,1,1
mx,6,NimbusRomNo9L-Regu,,2,2
as:,9,NimbusRomNo9L-Regu,,3,3
=,9,rtxr,,1,1
W,6,NimbusRomNo9L-ReguItal,,1,1
m50,4,NimbusRomNo9L-Regu,,3,3
m50,6,NimbusRomNo9L-Regu,,3,3
W,9,NimbusRomNo9L-ReguItal,,1,1
"2
mx",6,NimbusRomNo9L-Regu,,4,2
=,9,rtxr,,1,1
W,9,NimbusRomNo9L-ReguItal,,1,1
2,6,NimbusRomNo9L-Regu,,1,1
m50,6,NimbusRomNo9L-Regu,,3,3
+,9,rtxr,,1,1
W,9,NimbusRomNo9L-ReguItal,,1,1
2,6,NimbusRomNo9L-Regu,,1,1
t,6,NimbusRomNo9L-Regu,,1,1
",",6,rtxmi,,1,1
m50,6,NimbusRomNo9L-Regu,,3,3
−,9,txsy,,1,1
2,9,NimbusRomNo9L-Regu,,1,1
W,9,NimbusRomNo9L-ReguItal,,1,1
m50,6,NimbusRomNo9L-Regu,,3,3
W,9,NimbusRomNo9L-ReguItal,,1,1
t,6,NimbusRomNo9L-Regu,,1,1
",",6,rtxmi,,1,1
m50,6,NimbusRomNo9L-Regu,,3,3
1,9,NimbusRomNo9L-Regu,,1,1
−,9,txsy,,1,1
2,9,NimbusRomNo9L-Regu,,1,1
e,9,NimbusRomNo9L-ReguItal,,1,1
−,6,txsy,,1,1
(,6,NimbusRomNo9L-Regu,,1,1
W,6,NimbusRomNo9L-ReguItal,,1,1
m50,4,NimbusRomNo9L-Regu,,3,3
/,6,rtxmi,,1,1
W,6,NimbusRomNo9L-ReguItal,,1,1
c,4,NimbusRomNo9L-Regu,,1,1
",",4,rtxmi,,1,1
m50,4,NimbusRomNo9L-Regu,,3,3
),6,NimbusRomNo9L-Regu,,1,1
2,4,NimbusRomNo9L-Regu,,1,1
"
",9,txex,,1,0
1,9,NimbusRomNo9L-Regu,,1,1
−,9,txsy,,1,1
e,9,NimbusRomNo9L-ReguItal,,1,1
−,6,txsy,,1,1
(,6,NimbusRomNo9L-Regu,,1,1
W,6,NimbusRomNo9L-ReguItal,,1,1
m50,6,NimbusRomNo9L-Regu,,3,3
/,6,rtxmi,,1,1
W,6,NimbusRomNo9L-ReguItal,,1,1
c,6,NimbusRomNo9L-Regu,,1,1
",",6,rtxmi,,1,1
m50),6,NimbusRomNo9L-Regu,,4,4
2,4,NimbusRomNo9L-Regu,,1,1
"
",9,txex,,1,0
.,9,rtxmi,,1,1
The parameters,9,NimbusRomNo9L-Regu,,14,14
W,9,NimbusRomNo9L-ReguItal,,1,1
c,6,NimbusRomNo9L-Regu,,1,1
",",6,rtxmi,,1,1
m50,6,NimbusRomNo9L-Regu,,3,3
=,9,rtxr,,1,1
100 km,9,NimbusRomNo9L-Regu,,6,6
/,9,rtxr,,1,1
s and,9,NimbusRomNo9L-Regu,,5,5
W,9,NimbusRomNo9L-ReguItal,,1,1
t,6,NimbusRomNo9L-Regu,,1,1
",",6,rtxmi,,1,1
m50,6,NimbusRomNo9L-Regu,,3,3
=,9,rtxr,,1,1
9 km,9,NimbusRomNo9L-Regu,,4,4
/,9,rtxr,,1,1
"s were
set after tests conducted in Courtois et al. (2009), and they char-
acterized the transition from boxcar to Gaussian intrinsic proﬁles
and the turbulent broadening for the observed line width consid-
ered, respectively. It was then related to the rotation rate",9,NimbusRomNo9L-Regu,,267,67
V,9,NimbusRomNo9L-ReguItal,,1,1
max,6,NimbusRomNo9L-Regu,,3,3
by:,9,NimbusRomNo9L-Regu,,3,3
2,9,NimbusRomNo9L-Regu,,1,1
V,9,NimbusRomNo9L-ReguItal,,1,1
max,6,NimbusRomNo9L-Regu,,3,3
=,9,rtxr,,1,1
W,9,NimbusRomNo9L-ReguItal,,1,1
mx,6,NimbusRomNo9L-Regu,,2,2
sin (,9,NimbusRomNo9L-Regu,,5,5
i,9,NimbusRomNo9L-ReguItal,,1,1
),9,NimbusRomNo9L-Regu,,1,1
",",9,rtxmi,,1,1
where,9,NimbusRomNo9L-Regu,,5,5
i,9,NimbusRomNo9L-ReguItal,,1,1
"is the inclination of the galaxy from face-on relative to
the observer. Inclinations have been evaluated using an online
graphical tool, Galaxy Inclination Zoo (GIZ)",9,NimbusRomNo9L-Regu,,165,62
2,6,NimbusRomNo9L-Regu,,1,1
", in a collaborative
science project with citizens. Please refer to §2.3 of Kourkchi
et al. (2020b) for further details. Details regarding the",9,NimbusRomNo9L-Regu,,142,63
W,9,NimbusRomNo9L-ReguItal,,1,1
m50,6,NimbusRomNo9L-Regu,,3,3
and,9,NimbusRomNo9L-Regu,,3,3
W,9,NimbusRomNo9L-ReguItal,,1,1
mx,6,NimbusRomNo9L-Regu,,2,2
"line width parameters and comparisons with alternatives are
discussed in Courtois et al. (2009).",9,NimbusRomNo9L-Regu,,96,59
"Finally, the error of the line width,",9,NimbusRomNo9L-Regu,,37,37
e,9,NimbusRomNo9L-ReguItal,,1,1
W,6,NimbusRomNo9L-ReguItal,,1,1
", is given by (Courtois",9,NimbusRomNo9L-Regu,,23,23
et al. 2009):,9,NimbusRomNo9L-Regu,,13,13
S,9,NimbusRomNo9L-Regu,,1,1
/,9,rtxmi,,1,1
N,9,NimbusRomNo9L-Regu,,1,1
≥,9,txsy,,1,1
"17
2",9,NimbusRomNo9L-Regu,,4,2
<,9,rtxmi,,1,1
S,9,NimbusRomNo9L-Regu,,1,1
/,9,rtxmi,,1,1
N,9,NimbusRomNo9L-Regu,,1,1
<,9,rtxmi,,1,1
"17
S",9,NimbusRomNo9L-Regu,,4,2
/,9,rtxmi,,1,1
N,9,NimbusRomNo9L-Regu,,1,1
≤,9,txsy,,1,1
2,9,NimbusRomNo9L-Regu,,1,1
e,9,NimbusRomNo9L-ReguItal,,1,1
W,6,NimbusRomNo9L-ReguItal,,1,1
=,9,rtxr,,1,1
8;,9,NimbusRomNo9L-Regu,,2,2
e,9,NimbusRomNo9L-ReguItal,,1,1
W,6,NimbusRomNo9L-ReguItal,,1,1
=,9,rtxr,,1,1
21,9,NimbusRomNo9L-Regu,,2,2
.,9,rtxmi,,1,1
6,9,NimbusRomNo9L-Regu,,1,1
−,9,txsy,,1,1
0,9,NimbusRomNo9L-Regu,,1,1
.,9,rtxmi,,1,1
8 S,9,NimbusRomNo9L-Regu,,3,3
/,9,rtxmi,,1,1
N;,9,NimbusRomNo9L-Regu,,2,2
e,9,NimbusRomNo9L-ReguItal,,1,1
W,6,NimbusRomNo9L-ReguItal,,1,1
=,9,rtxr,,1,1
70,9,NimbusRomNo9L-Regu,,2,2
−,9,txsy,,1,1
25 S,9,NimbusRomNo9L-Regu,,4,4
/,9,rtxmi,,1,1
N,9,NimbusRomNo9L-Regu,,1,1
",",9,rtxmi,,1,1
where S,9,NimbusRomNo9L-Regu,,7,7
/,9,rtxr,,1,1
"N is the signal-to-noise ratio. An HI target is considered
adequate for estimating its distance with the Tully-Fisher (TF).
Although the KLUN, NIBLES, and ALFALFA data have al-
ready been processed by their own collaborations, with method-
ologies described in their respective literature, these data sam-",9,NimbusRomNo9L-Regu,,305,65
ples have been reprocessed with the analysis described in this,9,NimbusRomNo9L-Regu,,62,62
"section in order to include them in the ADHI catalog, which
gathers various HI data treated with that same procedure.",9,NimbusRomNo9L-Regu,,117,59
3. Data,10,NimbusSanL-Bold,,7,7
3.1. Nançay: NIBLES,9,NimbusSanL-Regu-Slant_167,,19,19
I,6,NimbusRomNo9L-ReguItal,,1,1
and KLUN17,9,NimbusSanL-Regu-Slant_167,,10,10
"In this section, we consider two HI data releases that were ob-
tained at the Nançay radio telescope by the KLUN and NIBLES
collaborations: the KLUN17 release (Theureau et al. 2017) and
the Nançay HI survey NIBLES",9,NimbusRomNo9L-Regu,,213,63
I,6,NimbusRomNo9L-ReguItal,,1,1
"(van Driel et al. 2016). The pre-
vious releases of KLUN data have been already included in the",9,NimbusRomNo9L-Regu,,95,61
"Cosmicﬂows catalogs, listed under the source code",9,NimbusRomNo9L-Regu,,49,49
tmc2006,9,t1xtt,,7,7
"in
the ADHI catalog (see Table 1).",9,NimbusRomNo9L-Regu,,34,31
2,5,NimbusRomNo9L-Regu,,1,1
http://edd.ifa.hawaii.edu/inclination/index.php,8,t1xtt,,47,47
"Article number, page 2 of 9",8,NimbusRomNo9L-Regu,,27,27
"Figure 1 shows the sky distribution in equatorial coordinates
of all HI data considered in this paper. The Nançay data con-
sidered in this section (both KLUN17 and NIBLES",9,NimbusRomNo9L-Regu,,171,61
I,6,NimbusRomNo9L-ReguItal,,1,1
") are repre-
sented by red squares. The other samples displayed in this ﬁgure
are described further below in the next sections. The data points
in the Nançay samples are distributed homogeneously in the two
regions.",9,NimbusRomNo9L-Regu,,215,65
"The redshift distribution of the two Nançay samples is shown
in red in Figure 2. Similarly to Fig 1, the other HI samples are
detailed later in the paper. We mainly ﬁnd nearby galaxies, es-
sentially below 6,000 km",9,NimbusRomNo9L-Regu,,214,64
/,9,rtxr,,1,1
"s. The inset plot in the top right corner
of Figure 2 shows the redshift distribution of each Nançay sub-
set. The purple and orange histograms represent the NIBLES",9,NimbusRomNo9L-Regu,,164,63
I,6,NimbusRomNo9L-ReguItal,,1,1
"and KLUN17 subsamples, respectively. The NIBLES",9,NimbusRomNo9L-Regu,,47,47
I,6,NimbusRomNo9L-ReguItal,,1,1
"sample
primarily contains nearby galaxies below 3,000 km",9,NimbusRomNo9L-Regu,,56,49
/,9,rtxr,,1,1
"s, and very
few distant galaxies up to 8,000 km",9,NimbusRomNo9L-Regu,,47,35
/,9,rtxr,,1,1
"s. In contrast, the KLUN17
data slightly contribute to the addition of distant galaxies for the
next Cosmicﬂows catalog, as it mostly contains galaxies above
5,000 km",9,NimbusRomNo9L-Regu,,166,68
/,9,rtxr,,1,1
"s, and up to 12,000 km",9,NimbusRomNo9L-Regu,,22,22
/,9,rtxr,,1,1
s.,9,NimbusRomNo9L-Regu,,2,2
"All data have been duly reduced and analyzed by their re-
spective collaborations. However, for consistency, in order to in-
clude the line width measurements in the ADHI database, the
HI parameter needs to be remeasured with the method used in
the Cosmicﬂows collaboration. We reprocessed 1,864 HI spec-",9,NimbusRomNo9L-Regu,,304,66
tra from the NIBLES,9,NimbusRomNo9L-Regu,,19,19
I,6,NimbusRomNo9L-ReguItal,,1,1
"collaboration. A total of 1,443 line widths
were detected and measured, including 808 new additions to the
ADHI database, of which 565 are of an adequate quality for TF
measurement. Regarding the KLUN17 sample, we obtained 500
detections after remeasureming the line width on 828 HI spectra.
This provides 393 new additions to ADHI, of which 324 are of a
su",9,NimbusRomNo9L-Regu,,357,64
ﬃ,9,rtxr,,1,1
ent high quality to be used for TF purposes.,9,NimbusRomNo9L-Regu,,44,44
"The left panel of Figure 3 shows the logarithm of the inte-
grated ﬂux as a function of the logarithm of the line width, and
the right panel shows the distribution of HI mass as a function
of the redshift. Identically to the previous Figures 1 and 2, the
Nancay data are represented by red squares, and the rest of the
ﬁgures are described later in the paper.",9,NimbusRomNo9L-Regu,,359,65
"As discussed above, line widths were remeasured with the
original Nançay spectra in order to be integrated into the ADHI
catalog. In Figure 4, we compare the measurements published in
this paper and added to ADHI as",9,NimbusRomNo9L-Regu,,215,63
W,9,NimbusRomNo9L-ReguItal,,1,1
CF,6,NimbusRomNo9L-Regu,,2,2
"with the ones published
by the NIBLES",9,NimbusRomNo9L-Regu,,37,23
I,6,NimbusRomNo9L-ReguItal,,1,1
"and KLUN17 collaborations. These are indi-
cated by",9,NimbusRomNo9L-Regu,,51,42
W,9,NimbusRomNo9L-ReguItal,,1,1
published,6,NimbusRomNo9L-Regu,,9,9
"and represented as purple triangles and orange
squares, respectively. The left panel shows the raw line widths",9,NimbusRomNo9L-Regu,,110,63
W,9,NimbusRomNo9L-ReguItal,,1,1
50,6,NimbusRomNo9L-Regu,,2,2
", while the right panel shows the line widths",9,NimbusRomNo9L-Regu,,45,45
W,9,NimbusRomNo9L-ReguItal,,1,1
mx,6,NimbusRomNo9L-Regu,,2,2
"corrected
with Eq. 1. In both panels, the remeasured",9,NimbusRomNo9L-Regu,,52,42
W,9,NimbusRomNo9L-ReguItal,,1,1
50,6,NimbusRomNo9L-Regu,,2,2
in the NIBLES,9,NimbusRomNo9L-Regu,,13,13
I,6,NimbusRomNo9L-ReguItal,,1,1
sample exhibits a signiﬁcant positive o,9,NimbusRomNo9L-Regu,,39,39
ﬀ,9,rtxr,,1,1
set of 11 km,9,NimbusRomNo9L-Regu,,12,12
/,9,rtxr,,1,1
s from the,9,NimbusRomNo9L-Regu,,10,10
originally published,9,NimbusRomNo9L-Regu,,20,20
W,9,NimbusRomNo9L-ReguItal,,1,1
50,6,NimbusRomNo9L-Regu,,2,2
. This is explained by the di,9,NimbusRomNo9L-Regu,,29,29
ﬀ,9,rtxr,,1,1
"erence in
measuring the width at 50% of the maximum ﬂux and at 50% of
the mean integrated ﬂux. The KLUN sample shows consistency
with the Cosmicﬂows measurements for both raw and corrected
line widths.",9,NimbusRomNo9L-Regu,,201,59
3.2. Arecibo: ALFALFA,9,NimbusSanL-Regu-Slant_167,,21,21
"The Arecibo Legacy Fast ALFA (ALFALFA) survey is a blind
extragalactic HI survey to conduct a census of the local HI uni-
verse over a cosmologically signiﬁcant volume. The full 100%",9,NimbusRomNo9L-Regu,,182,64
"ALFALFA extragalactic HI source catalog was published in
Haynes et al. (2018). It contains more than 31,500 extragalac-
tic HI line sources detected out to z",9,NimbusRomNo9L-Regu,,157,62
<,9,rtxmi,,1,1
"0.06 in the Arecibo tele-
scope’s declination range of 0",9,NimbusRomNo9L-Regu,,56,30
< δ <,9,rtxmi,,5,5
38 degrees.,9,NimbusRomNo9L-Regu,,11,11
A. Dupuy et al.: Toward Cosmicﬂows-4: The H,8,NimbusRomNo9L-Regu,,43,43
i,8,rtxsc,,1,1
data catalog,8,NimbusRomNo9L-Regu,,12,12
Fig. 1.,8,NimbusRomNo9L-Medi,,7,7
"Sky distribution in equatorial coordinates of all HI data considered in this paper. The red squares, green dots, and blue triangles correspond
to the HI data from the Nançay (NIBLES",8,NimbusRomNo9L-Regu,,181,142
I,5,NimbusRomNo9L-ReguItal,,1,1
"AND KLUN17 HI data releases), Arecibo (ALFALFA), and Greenbank telescopes, respectively. All of
the galaxies shown are new additions to the ADHI catalog, and their line width measurements are adequate for the use of the TF relation.",8,NimbusRomNo9L-Regu,,232,136
3.2.1. Identifying galaxies with adequate measurements,9,NimbusSanL-Regu,,54,54
"The various HI parameters obtained by the ALFALFA collabo-
ration have been published and are available online for 32,612
galaxies. However, to date, only 40% of the actual HI spectra are
available in a digital usable format (e.g., ascii, ﬁts) (",9,NimbusRomNo9L-Regu,,245,65
α,9,rtxmi,,1,1
"40, 15,000
galaxies, published in Haynes et al. 2011). These data were al-
ready remeasured by the Cosmicﬂows collaboration, bringing
a total of 3,898 new good quality line width measurements to
the ADHI catalog out of 15,000 reprocessed spectra (Courtois
& Tully 2015). The source code",9,NimbusRomNo9L-Regu,,286,63
hgm2011,9,t1xtt,,7,7
"listed in Table 1 cor-
responds to the",9,NimbusRomNo9L-Regu,,38,22
α,9,rtxmi,,1,1
"40 entry in the ADHI catalog. However, the
remaining ALFALFA spectra of the full",9,NimbusRomNo9L-Regu,,80,42
α,9,rtxmi,,1,1
"100 catalog were not
available in the",9,NimbusRomNo9L-Regu,,37,20
α,9,rtxmi,,1,1
"40 release, so the HI parameters cannot be di-
rectly re-estimated and included in ADHI.",9,NimbusRomNo9L-Regu,,88,46
"In this section, we compare the parameters from the",9,NimbusRomNo9L-Regu,,51,51
α,9,rtxmi,,1,1
"40 cat-
alog obtained by ALFALFA and Cosmicﬂows. After establish-
ing relations between these parameters, we then estimate the val-",9,NimbusRomNo9L-Regu,,131,65
"ues of the HI parameters of the whole ALFALFA-100% catalog,",9,NimbusRomNo9L-Regu,,59,59
"as if they were remeasured by the Cosmicﬂows collaborations.
Throughout this section, parameters obtained by the ALFALFA
(published in the",9,NimbusRomNo9L-Regu,,138,60
α,9,rtxmi,,1,1
"40 catalog) and Cosmicﬂows collaborations
are identiﬁed by the subscripts",9,NimbusRomNo9L-Regu,,73,41
α,9,rtxmi,,1,1
"and CF, respectively.",9,NimbusRomNo9L-Regu,,21,21
W,6,NimbusRomNo9L-ReguItal,,1,1
and,9,NimbusRomNo9L-Regu,,3,3
e,9,NimbusRomNo9L-ReguItal,,1,1
CF,6,NimbusRomNo9L-Regu,,2,2
"As our goal is to estimate which ALFALFA-100% line width
measurements may be adequate for deriving distances, we ﬁrst
consider the error,",9,NimbusRomNo9L-Regu,,137,60
e,9,NimbusRomNo9L-ReguItal,,1,1
W,6,NimbusRomNo9L-ReguItal,,1,1
", on the HI line width. The deﬁnition of this
parameter di",9,NimbusRomNo9L-Regu,,58,45
ﬀ,9,rtxr,,1,1
ers between the two studies. When comparing the,9,NimbusRomNo9L-Regu,,47,47
,9,txsyc,,0,0
e,9,NimbusRomNo9L-ReguItal,,1,1
CF,6,NimbusRomNo9L-Regu,,2,2
two parameters,9,NimbusRomNo9L-Regu,,14,14
e,9,NimbusRomNo9L-ReguItal,,1,1
α,6,rtxmi,,1,1
W,6,NimbusRomNo9L-ReguItal,,1,1
".
The S",9,NimbusRomNo9L-Regu,,7,5
/,9,rtxr,,1,1
"Ns, S",9,NimbusRomNo9L-Regu,,5,5
/,9,rtxmi,,1,1
N,9,NimbusRomNo9L-Regu,,1,1
CF,6,NimbusRomNo9L-Regu,,2,2
", and, S",9,NimbusRomNo9L-Regu,,8,8
/,9,rtxmi,,1,1
N,9,NimbusRomNo9L-Regu,,1,1
α,6,rtxmi,,1,1
", are deﬁned di",9,NimbusRomNo9L-Regu,,15,15
ﬀ,9,rtxr,,1,1
"erently. In the
Cosmicﬂows collaboration, the S",9,NimbusRomNo9L-Regu,,47,31
/,9,rtxr,,1,1
N is derived as the ratio of the,9,NimbusRomNo9L-Regu,,32,32
"signal at 50% of the mean ﬂux over the noise measured beyond
the extremities of the signal (Courtois & Tully 2015). The S",9,NimbusRomNo9L-Regu,,121,60
/,9,rtxr,,1,1
"N
derived by the ALFALFA collaboration is deﬁned in Eq. 2 of
Haynes et al. (2011). Both S",9,NimbusRomNo9L-Regu,,89,58
/,9,rtxr,,1,1
"Ns, S",9,NimbusRomNo9L-Regu,,5,5
/,9,rtxmi,,1,1
N,9,NimbusRomNo9L-Regu,,1,1
CF,6,NimbusRomNo9L-Regu,,2,2
and S,9,NimbusRomNo9L-Regu,,5,5
/,9,rtxmi,,1,1
N,9,NimbusRomNo9L-Regu,,1,1
α,6,rtxmi,,1,1
", are compared",9,NimbusRomNo9L-Regu,,14,14
W,6,NimbusRomNo9L-ReguItal,,1,1
", one can easily notice that",9,NimbusRomNo9L-Regu,,28,28
e,9,NimbusRomNo9L-ReguItal,,1,1
α,6,rtxmi,,1,1
W,6,NimbusRomNo9L-ReguItal,,1,1
"Article number, page 3 of 9",8,NimbusRomNo9L-Regu,,27,27
Fig. 2.,8,NimbusRomNo9L-Medi,,7,7
"Redshift distribution of new HI data described in this paper. The
Nançay, Arecibo, and GBT data are shown in red, green, and blue, re-
spectively. Only new additions to the ADHI catalog that are adequate
for the use of the TF relation are considered. The subset plot in the top
right corner shows the redshift distribution of Nançay data only. The
NIBLES",8,NimbusRomNo9L-Regu,,354,73
I,5,NimbusRomNo9L-ReguItal,,1,1
"and KLUN17 data are in purple and orange, respectively.",8,NimbusRomNo9L-Regu,,55,55
"Right Ascension deg
-75°
-60°
-45°
-30°
-15°
0°
15°
30°
45°
60°
75°",9,DejaVuSans,,67,19
D,7,DejaVuSans,,1,1
e,5,DejaVuSans,,1,1
c,5,DejaVuSans,,1,1
li,2,DejaVuSans,,2,2
n,5,DejaVuSans,,1,1
a,5,DejaVuSans,,1,1
t,3,DejaVuSans,,1,1
i,2,DejaVuSans,,1,1
o,5,DejaVuSans,,1,1
n,5,DejaVuSans,,1,1
,2,DejaVuSans,,0,0
d,5,DejaVuSans,,1,1
e,5,DejaVuSans,,1,1
g,5,DejaVuSans,,1,1
"0°90°180°270°

Nancay
ALFALFA
GBT",9,DejaVuSans,,33,13
"0

5000

10000

15000

20000",8,DejaVuSans,,28,5
cz,8,DejaVuSans-Oblique,,2,2
"(km/s)

0",8,DejaVuSans,,9,6
"20

40

60

80",8,DejaVuSans,,14,2
nu,5,DejaVuSans,,2,2
m,8,DejaVuSans,,1,1
b,5,DejaVuSans,,1,1
e,5,DejaVuSans,,1,1
r,3,DejaVuSans,,1,1
,2,DejaVuSans,,0,0
o,5,DejaVuSans,,1,1
f,3,DejaVuSans,,1,1
,2,DejaVuSans,,0,0
n,5,DejaVuSans,,1,1
e,5,DejaVuSans,,1,1
w,7,DejaVuSans,,1,1
,2,DejaVuSans,,0,0
H,6,DejaVuSans,,1,1
I,2,DejaVuSans,,1,1
,2,DejaVuSans,,0,0
m,8,DejaVuSans,,1,1
e,5,DejaVuSans,,1,1
a,5,DejaVuSans,,1,1
s,4,DejaVuSans,,1,1
u,5,DejaVuSans,,1,1
r,3,DejaVuSans,,1,1
e,5,DejaVuSans,,1,1
m,8,DejaVuSans,,1,1
e,5,DejaVuSans,,1,1
n,5,DejaVuSans,,1,1
t,3,DejaVuSans,,1,1
s,4,DejaVuSans,,1,1
,2,DejaVuSans,,0,0
a,5,DejaVuSans,,1,1
d,5,DejaVuSans,,1,1
e,5,DejaVuSans,,1,1
q,5,DejaVuSans,,1,1
u,5,DejaVuSans,,1,1
a,5,DejaVuSans,,1,1
t,3,DejaVuSans,,1,1
e,5,DejaVuSans,,1,1
,2,DejaVuSans,,0,0
f,3,DejaVuSans,,1,1
o,5,DejaVuSans,,1,1
r,3,DejaVuSans,,1,1
,2,DejaVuSans,,0,0
T,5,DejaVuSans,,1,1
F,5,DejaVuSans,,1,1
"Nancay
ALFALFA
GBT",8,DejaVuSans,,18,7
"0

5000

10000

0

20

40

60







NIBLES
KLUN",7,DejaVuSans,,48,6
A,8,NimbusRomNo9L-Regu-Slant_167,,1,1
&,8,rtxr-Slant_167,,1,1
A proofs:,8,NimbusRomNo9L-Regu-Slant_167,,9,9
manuscript no. HIpublished,8,NimbusRomNo9L-Regu,,26,26
Fig. 3. Left:,8,NimbusRomNo9L-Medi,,13,13
Logarithm of the integrated ﬂux as a function of the logarithm of the line width.,8,NimbusRomNo9L-Regu,,81,81
Right:,8,NimbusRomNo9L-Medi,,6,6
"Distribution of HI mass as a function of the
redshift. Nançay data (NIBLES",8,NimbusRomNo9L-Regu,,74,44
I,5,NimbusRomNo9L-ReguItal,,1,1
"and KLUN17) are represented by red squares, Arecibo data by green circles, and GBT data by blue triangles.
Only new additions to the ADHI catalog that are adequate for the use of the TF relation are considered.",8,NimbusRomNo9L-Regu,,210,106
Fig. 4.,8,NimbusRomNo9L-Medi,,7,7
Comparison of the measurements published in this paper and added to ADHI as,8,NimbusRomNo9L-Regu,,75,75
W,8,NimbusRomNo9L-ReguItal,,1,1
CF,5,NimbusRomNo9L-Regu,,2,2
to the ones published in the NIBLES,8,NimbusRomNo9L-Regu,,35,35
I,5,NimbusRomNo9L-ReguItal,,1,1
"and KLUN17
data releases, represented by",8,NimbusRomNo9L-Regu,,40,29
W,8,NimbusRomNo9L-ReguItal,,1,1
published,5,NimbusRomNo9L-Regu,,9,9
. The data obtained by the NIBLES,8,NimbusRomNo9L-Regu,,33,33
I,5,NimbusRomNo9L-ReguItal,,1,1
"and KLUN17 collaborations are represented by purple triangles and
orange squares, respectively. The black dotted line represents the case when",8,NimbusRomNo9L-Regu,,142,76
W,8,NimbusRomNo9L-ReguItal,,1,1
cf,5,NimbusRomNo9L-Regu,,2,2
=,8,rtxr,,1,1
W,8,NimbusRomNo9L-ReguItal,,1,1
published,5,NimbusRomNo9L-Regu,,9,9
.,8,NimbusRomNo9L-Regu,,1,1
Left:,8,NimbusRomNo9L-Medi,,5,5
Comparison of the raw line widths,8,NimbusRomNo9L-Regu,,33,33
W,8,NimbusRomNo9L-ReguItal,,1,1
"CF
50",5,NimbusRomNo9L-Regu,,5,2
and,8,NimbusRomNo9L-Regu,,3,3
W,8,NimbusRomNo9L-ReguItal,,1,1
"published
mx",5,NimbusRomNo9L-Regu,,12,9
and,8,NimbusRomNo9L-Regu,,3,3
W,8,NimbusRomNo9L-ReguItal,,1,1
published,5,NimbusRomNo9L-Regu,,9,9
". In both panels, we observe a signiﬁcant o",8,NimbusRomNo9L-Regu,,43,43
ﬀ,8,rtxr,,1,1
set of 11 km,8,NimbusRomNo9L-Regu,,12,12
/,8,rtxr,,1,1
s for the,8,NimbusRomNo9L-Regu,,9,9
50,5,NimbusRomNo9L-Regu,,2,2
NIBLES,8,NimbusRomNo9L-Regu,,6,6
I,5,NimbusRomNo9L-ReguItal,,1,1
sample.,8,NimbusRomNo9L-Regu,,7,7
.,8,NimbusRomNo9L-Regu,,1,1
Right:,8,NimbusRomNo9L-Medi,,6,6
Comparison of the corrected line widths,8,NimbusRomNo9L-Regu,,39,39
W,8,NimbusRomNo9L-ReguItal,,1,1
CF,5,NimbusRomNo9L-Regu,,2,2
mx,5,NimbusRomNo9L-Regu,,2,2
"directly in the left panel of Figure 5. Only galaxies adequate for
TF, that is to say when",9,NimbusRomNo9L-Regu,,90,66
e,9,NimbusRomNo9L-ReguItal,,1,1
CF,6,NimbusRomNo9L-Regu,,2,2
W,6,NimbusRomNo9L-ReguItal,,1,1
≤,9,txsy,,1,1
"20, are considered. The black dot-
ted line represents the case when S",9,NimbusRomNo9L-Regu,,70,35
/,9,rtxmi,,1,1
N,9,NimbusRomNo9L-Regu,,1,1
CF,6,NimbusRomNo9L-Regu,,2,2
=,9,rtxr,,1,1
S,9,NimbusRomNo9L-Regu,,1,1
/,9,rtxmi,,1,1
N,9,NimbusRomNo9L-Regu,,1,1
α,6,rtxmi,,1,1
". One can relate
the S",9,NimbusRomNo9L-Regu,,22,16
/,9,rtxr,,1,1
Ns from both collaborations by the following relation:,9,NimbusRomNo9L-Regu,,54,54
S,9,NimbusRomNo9L-Regu,,1,1
/,9,rtxmi,,1,1
N,9,NimbusRomNo9L-Regu,,1,1
α,6,rtxmi,,1,1
=,9,rtxr,,1,1
1,9,NimbusRomNo9L-Regu,,1,1
.,9,rtxmi,,1,1
7,9,NimbusRomNo9L-Regu,,1,1
+,9,rtxr,,1,1
2,9,NimbusRomNo9L-Regu,,1,1
.,9,rtxmi,,1,1
9 S,9,NimbusRomNo9L-Regu,,3,3
/,9,rtxmi,,1,1
N,9,NimbusRomNo9L-Regu,,1,1
CF,6,NimbusRomNo9L-Regu,,2,2
",",9,rtxmi,,1,1
(4),9,NimbusRomNo9L-Regu,,3,3
"which is illustrated in the left panel of Figure 5 by a solid red
line. We can then estimate the value of S",9,NimbusRomNo9L-Regu,,107,65
/,9,rtxmi,,1,1
N,9,NimbusRomNo9L-Regu,,1,1
α,6,rtxmi,,1,1
"in the Cosmicﬂows
deﬁnition, which is denoted by S",9,NimbusRomNo9L-Regu,,50,32
/,9,rtxmi,,1,1
N,9,NimbusRomNo9L-Regu,,1,1
α,6,rtxmi,,1,1
→,6,txsy,,1,1
CF,6,NimbusRomNo9L-Regu,,2,2
hereafter.,9,NimbusRomNo9L-Regu,,10,10
"Article number, page 4 of 9",8,NimbusRomNo9L-Regu,,27,27
3.2.2. Comparing the ALFALFA and Cosmicﬂows line widths,9,NimbusSanL-Regu,,55,55
"The line widths obtained with the 70% completion ALFALFA
release (",9,NimbusRomNo9L-Regu,,66,56
α,9,rtxmi,,1,1
"70) and Cosmicﬂows catalogs have been compared
without reprocessing the spectra in Kourkchi et al. (2019), us-
ing a subsample of galaxies with adequate quality HI measure-",9,NimbusRomNo9L-Regu,,172,63
ments. They were part of both catalogs at that time. The result,9,NimbusRomNo9L-Regu,,63,63
mx,6,NimbusRomNo9L-Regu,,2,2
is the line width in km,9,NimbusRomNo9L-Regu,,23,23
/,9,rtxr,,1,1
"s taken
was",9,NimbusRomNo9L-Regu,,11,7
W,9,NimbusRomNo9L-ReguItal,,1,1
"CF
mx",6,NimbusRomNo9L-Regu,,5,2
"from ADHI (including corrections, see equation 1), and",9,NimbusRomNo9L-Regu,,54,54
W,9,NimbusRomNo9L-ReguItal,,1,1
α,6,rtxmi,,1,1
50,6,NimbusRomNo9L-Regu,,2,2
"is
the line width provided by the ALFALFA",9,NimbusRomNo9L-Regu,,41,38
α,9,rtxmi,,1,1
70 catalog.,9,NimbusRomNo9L-Regu,,11,11
−,9,txsy,,1,1
"6, where",9,NimbusRomNo9L-Regu,,8,8
W,9,NimbusRomNo9L-ReguItal,,1,1
CF,6,NimbusRomNo9L-Regu,,2,2
=,9,rtxr,,1,1
W,9,NimbusRomNo9L-ReguItal,,1,1
α,6,rtxmi,,1,1
50,6,NimbusRomNo9L-Regu,,2,2
"1.5

2.0

2.5

3.0log",8,DejaVuSans,,21,6
10,5,DejaVuSans,,2,2
W,8,DejaVuSans-Oblique,,1,1
mx,5,DejaVuSans,,2,2
"2

1

0

1

2

3",8,DejaVuSans,,16,1
l,2,DejaVuSans,,1,1
o,5,DejaVuSans,,1,1
g,5,DejaVuSans,,1,1
10,3,DejaVuSans,,2,2
,2,DejaVuSans,,0,0
i,2,DejaVuSans,,1,1
n,5,DejaVuSans,,1,1
t,3,DejaVuSans,,1,1
e,5,DejaVuSans,,1,1
g,5,DejaVuSans,,1,1
r,3,DejaVuSans,,1,1
a,5,DejaVuSans,,1,1
t,3,DejaVuSans,,1,1
e,5,DejaVuSans,,1,1
d,5,DejaVuSans,,1,1
,2,DejaVuSans,,0,0
f,2,DejaVuSans,,1,1
l,2,DejaVuSans,,1,1
u,5,DejaVuSans,,1,1
x,4,DejaVuSans,,1,1
"0

5000

10000

15000",8,DejaVuSans,,21,5
cz,8,DejaVuSans-Oblique,,2,2
"(km/s)

6

7

8

9

10

11",8,DejaVuSans,,26,6
l,2,DejaVuSans,,1,1
o,5,DejaVuSans,,1,1
g,5,DejaVuSans,,1,1
10,3,DejaVuSans,,2,2
M,7,DejaVuSans-Oblique,,1,1
H,4,DejaVuSans-Oblique,,1,1
I,1,DejaVuSans-Oblique,,1,1
/,2,DejaVuSans,,1,1
M,7,DejaVuSans-Oblique,,1,1
"Nancay
ALFALFA
GBT",8,DejaVuSans,,18,7
"0

100

200

300

400

500

600",8,DejaVuSans,,31,3
W,8,DejaVuSans-Oblique,,1,1
CF,5,DejaVuSans,,2,2
"150

100

50

0

50

100

150",8,DejaVuSans,,29,3
W,8,DejaVuSans-Oblique,,1,1
C,4,DejaVuSans,,1,1
F,3,DejaVuSans,,1,1
W,8,DejaVuSans-Oblique,,1,1
p,3,DejaVuSans,,1,1
u,3,DejaVuSans,,1,1
b,3,DejaVuSans,,1,1
li,1,DejaVuSans,,2,2
s,2,DejaVuSans,,1,1
h,3,DejaVuSans,,1,1
e,3,DejaVuSans,,1,1
d,3,DejaVuSans,,1,1
NIBLES,8,DejaVuSans,,6,6
I,5,DejaVuSans-Oblique,,1,1
KLUN17,8,DejaVuSans,,6,6
"0

100

200

300

400

500

600",8,DejaVuSans,,31,3
W,8,DejaVuSans-Oblique,,1,1
CFmx,5,DejaVuSans,,4,4
"150

100

50

0

50

100

150",8,DejaVuSans,,29,3
W,8,DejaVuSans-Oblique,,1,1
C,4,DejaVuSans,,1,1
F,3,DejaVuSans,,1,1
m,5,DejaVuSans,,1,1
x,3,DejaVuSans,,1,1
W,8,DejaVuSans-Oblique,,1,1
p,3,DejaVuSans,,1,1
u,3,DejaVuSans,,1,1
b,3,DejaVuSans,,1,1
li,1,DejaVuSans,,2,2
s,3,DejaVuSans,,1,1
h,3,DejaVuSans,,1,1
e,3,DejaVuSans,,1,1
d,3,DejaVuSans,,1,1
m,5,DejaVuSans,,1,1
x,3,DejaVuSans,,1,1
NIBLES,8,DejaVuSans,,6,6
I,5,DejaVuSans-Oblique,,1,1
KLUN17,8,DejaVuSans,,6,6
A. Dupuy et al.: Toward Cosmicﬂows-4: The H,8,NimbusRomNo9L-Regu,,43,43
i,8,rtxsc,,1,1
data catalog,8,NimbusRomNo9L-Regu,,12,12
"In this section, we follow the same methodology to compare
line widths from both collaborations, considering now the newly
published full 100% ALFALFA catalog Haynes et al. (2018)
which contains 32,612 galaxies. Line widths extracted from this
catalog are noted as",9,NimbusRomNo9L-Regu,,264,63
W,9,NimbusRomNo9L-ReguItal,,1,1
α,6,rtxmi,,1,1
50,6,NimbusRomNo9L-Regu,,2,2
". We are comparing them to a sample
containing 15,433 good quality only line width measurements
extracted from the ADHI dataset, corrected with equation 1 and
represented by",9,NimbusRomNo9L-Regu,,173,62
W,9,NimbusRomNo9L-ReguItal,,1,1
CF,6,NimbusRomNo9L-Regu,,2,2
mx,6,NimbusRomNo9L-ReguItal,,2,2
". The number of common galaxies in both
datasets is 3,970.",9,NimbusRomNo9L-Regu,,58,39
mx,6,NimbusRomNo9L-ReguItal,,2,2
by plotting the di,9,NimbusRomNo9L-Regu,,18,18
ﬀ,9,rtxr,,1,1
erence,9,NimbusRomNo9L-Regu,,6,6
W,9,NimbusRomNo9L-ReguItal,,1,1
CF,6,NimbusRomNo9L-Regu,,2,2
"In the right panel of Figure 5, we compare the line widths",9,NimbusRomNo9L-Regu,,58,58
W,9,NimbusRomNo9L-ReguItal,,1,1
α,6,rtxmi,,1,1
50,6,NimbusRomNo9L-Regu,,2,2
and,9,NimbusRomNo9L-Regu,,3,3
W,9,NimbusRomNo9L-ReguItal,,1,1
"CF
50",6,NimbusRomNo9L-Regu,,5,2
"as a function
of the S",9,NimbusRomNo9L-Regu,,22,13
/,9,rtxr,,1,1
"N, S",9,NimbusRomNo9L-Regu,,4,4
/,9,rtxmi,,1,1
N,9,NimbusRomNo9L-Regu,,1,1
α,6,rtxmi,,1,1
". We notice that there is signiﬁcant dispersion at
small S",9,NimbusRomNo9L-Regu,,58,50
/,9,rtxr,,1,1
"Ns, where S",9,NimbusRomNo9L-Regu,,11,11
/,9,rtxmi,,1,1
N,9,NimbusRomNo9L-Regu,,1,1
α,6,rtxmi,,1,1
<,9,rtxmi,,1,1
"15, which is represented by a black
dotted line. Line width measurements above this threshold yield
the following linear relationship between the two parameters:",9,NimbusRomNo9L-Regu,,161,63
mx,6,NimbusRomNo9L-ReguItal,,2,2
−,9,txsy,,1,1
W,9,NimbusRomNo9L-ReguItal,,1,1
α,6,rtxmi,,1,1
W,9,NimbusRomNo9L-ReguItal,,1,1
"CF
mx",6,NimbusRomNo9L-Regu,,5,2
=,9,rtxr,,1,1
W,9,NimbusRomNo9L-ReguItal,,1,1
α,6,rtxmi,,1,1
50,6,NimbusRomNo9L-Regu,,2,2
−,9,txsy,,1,1
2 (,9,NimbusRomNo9L-Regu,,3,3
km,9,NimbusRomNo9L-ReguItal,,2,2
/,9,rtxmi,,1,1
s,9,NimbusRomNo9L-ReguItal,,1,1
),9,NimbusRomNo9L-Regu,,1,1
(5),9,NimbusRomNo9L-Regu,,3,3
"represented in the right panel by a solid red line. This relation is
slightly di",9,NimbusRomNo9L-Regu,,80,68
ﬀ,9,rtxr,,1,1
"erent from the one obtained previously in Kourkchi
et al. (2019). We attribute this slight di",9,NimbusRomNo9L-Regu,,93,50
ﬀ,9,rtxr,,1,1
"erence to the use of an
earlier data release of the ALFALFA survey,",9,NimbusRomNo9L-Regu,,67,43
α,9,rtxmi,,1,1
"70, by Kourkchi
et al. (2019).",9,NimbusRomNo9L-Regu,,30,15
3.2.3. Application to the full ALFALFA data,9,NimbusSanL-Regu,,43,43
"In this section, equation 5 is applied to the full 100% ALFALFA
catalog (galaxies previously included in ADHI with high quality
measurements are excluded) to compute how many and which
galaxies could be added to the upcoming Cosmicﬂows-4 cata-
log. Galaxies with HI line width errors (in the Cosmicﬂows deﬁ-",9,NimbusRomNo9L-Regu,,307,63
≤,9,txsy,,1,1
20 km,9,NimbusRomNo9L-Regu,,5,5
/,9,rtxr,,1,1
"s are suitable for the TF method and as
nition) of",9,NimbusRomNo9L-Regu,,50,39
e,9,NimbusRomNo9L-ReguItal,,1,1
α,6,rtxmi,,1,1
→,6,txsy,,1,1
CF,6,NimbusRomNo9L-Regu,,2,2
"such for inclusion in the new upcoming Cosmicﬂows-4 catalog.
We identify 1,515 new galaxies which satisfy this criterion.",9,NimbusRomNo9L-Regu,,121,60
W,6,NimbusRomNo9L-ReguItal,,1,1
"Figure 1 displays the sky distribution of the additional 1,515
ALFALFA galaxies that are involved in the construction of the
upcoming CF4 catalog. ALFALFA galaxies are represented by
green dots. A homogeneous coverage can be easily noticed in
the region covered by Arecibo.",9,NimbusRomNo9L-Regu,,273,62
"Figure 2 shows the redshift distribution of the new galax-
ies from ALFALFA in green. Three peaks are observed at 2,000
km",9,NimbusRomNo9L-Regu,,122,60
/,9,rtxr,,1,1
"s, 5,000 km",9,NimbusRomNo9L-Regu,,11,11
/,9,rtxr,,1,1
"s, and 8,000 km",9,NimbusRomNo9L-Regu,,15,15
/,9,rtxr,,1,1
"s. This sample will thus be a
signiﬁcant contribution to CF4. It will include a large number of
distant galaxies up to 17,000 km",9,NimbusRomNo9L-Regu,,128,65
/,9,rtxr,,1,1
"s. However, it is important to
note that only 338 galaxies (",9,NimbusRomNo9L-Regu,,60,30
∼,9,txsy,,1,1
"22% of the sample) have a redshift
larger than 8,000 km",9,NimbusRomNo9L-Regu,,55,34
/,9,rtxr,,1,1
s.,9,NimbusRomNo9L-Regu,,2,2
"The left panel of Figure 3 shows the integrated ﬂux as a func-
tion of the line width. ALFALFA galaxies are represented by",9,NimbusRomNo9L-Regu,,122,62
green dots. The blind ALFALFA survey mostly detects galaxies,9,NimbusRomNo9L-Regu,,60,60
"near the peak of the HI luminosity function where the largest
volume is explored at a given ﬂux. Hence, detection is favored
for giant galaxies with a large line width and intrinsic HI ﬂuxes.
Smaller galaxies at the same apparent ﬂux levels are drawn from
much smaller volumes.",9,NimbusRomNo9L-Regu,,277,66
"The distribution of the HI mass as a function of the redshift
is shown in the right panel of Figure 3. ALFALFA galaxies are
once again displayed as green dots. The luminosity function (LF)
of galaxies is deﬁned as the number of galaxies per Mpc",9,NimbusRomNo9L-Regu,,244,64
3,6,NimbusRomNo9L-Regu,,1,1
"in a
luminosity interval",9,NimbusRomNo9L-Regu,,24,19
dM,9,NimbusRomNo9L-ReguItal,,2,2
centered on magnitude,9,NimbusRomNo9L-Regu,,21,21
M,9,NimbusRomNo9L-ReguItal,,1,1
"(Zwaan et al.
2001). In Figure 3, we observe that the new galaxies observed",9,NimbusRomNo9L-Regu,,75,61
"satisfactorily with GBT are signiﬁcantly less massive than the
mean (or typical) ones from ALFALFA. The ALFALFA remea-
surements are consistent in terms of the luminosity function with
other surveys. The point concerning our GBT observations is",9,NimbusRomNo9L-Regu,,244,65
"that we do not aim to observe a representative survey of galax-
ies showing a good sample of a di",9,NimbusRomNo9L-Regu,,97,63
ﬀ,9,rtxr,,1,1
"erent luminosity or mass
distribution galaxies. Our goal is to measure galaxies as far as
possible, regarding their velocity recession, in order to obtain
an enlarged distribution of velocities with independent distances
(using the TF extraction), for our further studies of peculiar ve-
locity. In other terms, we are not looking for a representative
sample of galaxies following a luminosity function, rather we
target galaxies with spatial, recession velocity and distances as
various as possible.",9,NimbusRomNo9L-Regu,,500,66
3.3. Green Bank telescope,9,NimbusSanL-Regu-Slant_167,,25,25
3.3.1. Selection of targets,9,NimbusSanL-Regu,,27,27
"Targets were selected from a compilation of two samples: a sam-
ple of ﬂat galaxies from the Revised Flat Galaxy Catalog (RFGC
Karachentsev et al. 1999) to which a selection cut of",9,NimbusRomNo9L-Regu,,180,63
δ >,9,rtxmi,,3,3
"36 deg
was applied to avoid overlap with the ALFALFA sample; and a
sample of galaxies near to the Dipole Repeller (Ho",9,NimbusRomNo9L-Regu,,117,59
ﬀ,9,rtxr,,1,1
"man et al.
2017, DR) – galaxies were extracted from the LEDA database",9,NimbusRomNo9L-Regu,,69,58
3,6,NimbusRomNo9L-Regu,,1,1
(Makarov et al. 2014) with the cuts,9,NimbusRomNo9L-Regu,,35,35
α >,9,rtxmi,,3,3
"20 deg, 16",9,NimbusRomNo9L-Regu,,10,10
< δ <,9,rtxmi,,5,5
"65 deg,
3",9,NimbusRomNo9L-Regu,,9,7
",",9,rtxmi,,1,1
000,9,NimbusRomNo9L-Regu,,3,3
<,9,rtxmi,,1,1
cz,9,NimbusRomNo9L-ReguItal,,2,2
<,9,rtxmi,,1,1
12,9,NimbusRomNo9L-Regu,,2,2
",",9,rtxmi,,1,1
000 km,9,NimbusRomNo9L-Regu,,6,6
/,9,rtxr,,1,1
"s, and",9,NimbusRomNo9L-Regu,,6,6
i,9,NimbusRomNo9L-ReguItal,,1,1
>,9,rtxmi,,1,1
50 deg.,9,NimbusRomNo9L-Regu,,7,7
"Several samples were added later to augment the number of
potential targets. First, a sample of spiral galaxies extracted from",9,NimbusRomNo9L-Regu,,126,68
LEDA with the following cuts applied:,9,NimbusRomNo9L-Regu,,37,37
δ >,9,rtxmi,,3,3
"36 deg (no overlap
with ALFALFA), 3",9,NimbusRomNo9L-Regu,,35,18
",",9,rtxmi,,1,1
000,9,NimbusRomNo9L-Regu,,3,3
<,9,rtxmi,,1,1
cz,9,NimbusRomNo9L-ReguItal,,2,2
<,9,rtxmi,,1,1
9,9,NimbusRomNo9L-Regu,,1,1
",",9,rtxmi,,1,1
000 km,9,NimbusRomNo9L-Regu,,6,6
/,9,rtxr,,1,1
"s, and",9,NimbusRomNo9L-Regu,,6,6
i,9,NimbusRomNo9L-ReguItal,,1,1
>,9,rtxmi,,1,1
"55 deg. The
cuts were later modiﬁed in order to obtain more distant galaxies:",9,NimbusRomNo9L-Regu,,77,65
δ >,9,rtxmi,,3,3
"38 deg, 3",9,NimbusRomNo9L-Regu,,9,9
",",9,rtxmi,,1,1
000,9,NimbusRomNo9L-Regu,,3,3
<,9,rtxmi,,1,1
cz,9,NimbusRomNo9L-ReguItal,,2,2
<,9,rtxmi,,1,1
10,9,NimbusRomNo9L-Regu,,2,2
",",9,rtxmi,,1,1
000 km,9,NimbusRomNo9L-Regu,,6,6
/,9,rtxr,,1,1
"s, and 40",9,NimbusRomNo9L-Regu,,9,9
<,9,rtxmi,,1,1
i,9,NimbusRomNo9L-ReguItal,,1,1
<,9,rtxmi,,1,1
"85 deg.
Lastly, a few SNIa hosts from SNfactory (Rigault et al. 2020;
Aldering et al. 2002) with a redshift up to 12,000 km",9,NimbusRomNo9L-Regu,,123,61
/,9,rtxr,,1,1
"s were
added to the list of targets.",9,NimbusRomNo9L-Regu,,36,29
"All galaxies that are already part of the ADHI catalog with
adequate HI proﬁles were removed from the samples described
above. Several galaxies with almost adequate HI proﬁles from
the GB300 and Nançay telescopes have also been added to the
list of potential targets.",9,NimbusRomNo9L-Regu,,267,60
"This extensive list now contains 5,460 galaxies, all of which
have been inspected and are observed if they satisfy the follow-
ing criteria. First, we needed to make sure that the galaxies were
spiral galaxies with HI gas. One can look at the Pan-STARRS
(Chambers et al. 2016) optical images in the",9,NimbusRomNo9L-Regu,,298,66
g,9,NimbusRomNo9L-ReguItal,,1,1
",",9,rtxmi,,1,1
r,9,NimbusRomNo9L-ReguItal,,1,1
",",9,rtxmi,,1,1
i,9,NimbusRomNo9L-ReguItal,,1,1
",",9,rtxmi,,1,1
z,9,NimbusRomNo9L-ReguItal,,1,1
",",9,rtxmi,,1,1
and,9,NimbusRomNo9L-Regu,,3,3
y,9,NimbusRomNo9L-ReguItal,,1,1
"bands.
A galaxy with HI, especially its disk, is hardly visible in the",9,NimbusRomNo9L-Regu,,70,63
y,9,NimbusRomNo9L-ReguItal,,1,1
"band, while it is very bright at the",9,NimbusRomNo9L-Regu,,36,36
g,9,NimbusRomNo9L-ReguItal,,1,1
"band. We also searched the
optical spectra from SDSS DR12(Alam et al. 2015) or LAMOST
(Luo et al. 2015) for a signiﬁcant H",9,NimbusRomNo9L-Regu,,122,58
α,9,rtxmi,,1,1
"emission line, hinting at the
presence of young stars and therefore HI gas. Spectra containing
Na, Mg, and Ca emission lines are indicative of old stellar pop-
ulations and little HI. Available Pan-STARRS images and SDSS
or LAMOST spectra were systematically inspected by eye for
each target. A total of 54% of the targets had an optical spec-
trum available. This ratio is not entirely satisfactory, but we did
not ﬁnd a recent, available optical spectrum for all our targets.
Secondly, we did not observe collisions or interacting galaxies.
If the distribution of the HI gas is disturbed, it does not allow us
to measure the rotation speed of each galaxy.Moreover, the size
of the radio lobe must be considered. Two galaxies within the
radio lobe and located at the same redshift would lead to a con-
fused spectrum because the galaxies spectra would overlap. Last
but not least, we also checked the photometry quality and the",9,NimbusRomNo9L-Regu,,928,68
"inclination of the potential target to ensure the TF relation is ap-
plicable. Inclinations are indispensable to de-project the HI line",9,NimbusRomNo9L-Regu,,135,68
3,5,NimbusRomNo9L-Regu,,1,1
http://leda.univ-lyon1.fr/,8,t1xtt,,26,26
"Article number, page 5 of 9",8,NimbusRomNo9L-Regu,,27,27
A,8,NimbusRomNo9L-Regu-Slant_167,,1,1
&,8,rtxr-Slant_167,,1,1
A proofs:,8,NimbusRomNo9L-Regu-Slant_167,,9,9
manuscript no. HIpublished,8,NimbusRomNo9L-Regu,,26,26
Fig. 5.,8,NimbusRomNo9L-Medi,,7,7
Comparison of HI parameters derived by the Cosmicﬂows and ALFALFA collaborations identiﬁed by the subscripts CF and,8,NimbusRomNo9L-Regu,,115,115
α,8,rtxmi,,1,1
", respectively.
Only galaxies available in the",8,NimbusRomNo9L-Regu,,46,30
α,8,rtxmi,,1,1
40 release are considered.,8,NimbusRomNo9L-Regu,,26,26
Left:,8,NimbusRomNo9L-Medi,,5,5
Comparison of the S,8,NimbusRomNo9L-Regu,,19,19
/,8,rtxr,,1,1
"Ns, S",8,NimbusRomNo9L-Regu,,5,5
/,8,rtxmi,,1,1
N,8,NimbusRomNo9L-Regu,,1,1
CF,5,NimbusRomNo9L-Regu,,2,2
and S,8,NimbusRomNo9L-Regu,,5,5
/,8,rtxmi,,1,1
N,8,NimbusRomNo9L-Regu,,1,1
α,5,rtxmi,,1,1
.,8,NimbusRomNo9L-Regu,,1,1
Right:,8,NimbusRomNo9L-Medi,,6,6
Comparison of the line widths,8,NimbusRomNo9L-Regu,,29,29
50,5,NimbusRomNo9L-Regu,,2,2
is represented as a function of the S,8,NimbusRomNo9L-Regu,,37,37
/,8,rtxr,,1,1
"N, S",8,NimbusRomNo9L-Regu,,4,4
/,8,rtxmi,,1,1
N,8,NimbusRomNo9L-Regu,,1,1
α,5,rtxmi,,1,1
. The black dotted line represents the threshold S,8,NimbusRomNo9L-Regu,,50,50
/,8,rtxmi,,1,1
N,8,NimbusRomNo9L-Regu,,1,1
α,5,rtxmi,,1,1
=,8,rtxr,,1,1
15,8,NimbusRomNo9L-Regu,,2,2
W,8,NimbusRomNo9L-ReguItal,,1,1
CF,5,NimbusRomNo9L-Regu,,2,2
discussed in the text. Data above this threshold can be ﬁtted to,8,NimbusRomNo9L-Regu,,64,64
W,8,NimbusRomNo9L-ReguItal,,1,1
"CF
mx",5,NimbusRomNo9L-Regu,,5,2
50,5,NimbusRomNo9L-Regu,,2,2
−,8,txsy,,1,1
2 km,8,NimbusRomNo9L-Regu,,4,4
/,8,rtxr,,1,1
"s, which is represented by a solid red line.",8,NimbusRomNo9L-Regu,,44,44
50,5,NimbusRomNo9L-Regu,,2,2
. The di,8,NimbusRomNo9L-Regu,,8,8
ﬀ,8,rtxr,,1,1
erence,8,NimbusRomNo9L-Regu,,6,6
W,8,NimbusRomNo9L-ReguItal,,1,1
CF,5,NimbusRomNo9L-Regu,,2,2
mx,5,NimbusRomNo9L-Regu,,2,2
and,8,NimbusRomNo9L-Regu,,3,3
W,8,NimbusRomNo9L-ReguItal,,1,1
α,5,rtxmi,,1,1
mx,5,NimbusRomNo9L-Regu,,2,2
−,8,txsy,,1,1
W,8,NimbusRomNo9L-ReguItal,,1,1
α,5,rtxmi,,1,1
=,8,rtxr,,1,1
W,8,NimbusRomNo9L-ReguItal,,1,1
α,5,rtxmi,,1,1
"widths. We require that inclinations be greater than 45 degrees
from face-on.",9,NimbusRomNo9L-Regu,,77,63
"After inspection of 5,460 potential targets, 628 galaxies were
selected and observed. The target selection procedure was not
completely carried out in the sense that we observed well-
deﬁned targets with our ﬁrst selection of criteria but which ul-
timately do not give a satisfactory result after observation.",9,NimbusRomNo9L-Regu,,310,64
3.3.2. Observations: Strategy and planning,9,NimbusSanL-Regu,,42,42
"A total of 610 hours of observations have been conducted from
December 2017 to May 2019. During observations, the tele-
scope was conﬁgured as follows. We used the L-band receiver",9,NimbusRomNo9L-Regu,,179,61
Rcvr1_2,9,t1xtt,,7,7
", detecting frequencies between 1.15 GHz and 1.73
GHz. For this receiver, the gain of the GBT is 2 K",9,NimbusRomNo9L-Regu,,100,50
/,9,rtxr,,1,1
"Jy, and the
size of the radiolobe is 9 arcmin. The spectral resolution consid-
ered during observations is 0.9 km",9,NimbusRomNo9L-Regu,,113,66
/,9,rtxr,,1,1
s.,9,NimbusRomNo9L-Regu,,2,2
"The following ON-OFF-ON methodology was used through-
out our observations. This observing strategy allows two ON-
OFF scans to be conducted on the same source during a single
session of observation. It consists of one 300 s scan on the source",9,NimbusRomNo9L-Regu,,243,67
"(ten integrations of 30 s), followed by a 300 s scan on the sky,",9,NimbusRomNo9L-Regu,,64,64
"then a second 300 s scan on the source. A total of 15 minutes is
spent on a single source during a session. This strategy permits
an additional 5 minutes of observation time per source and per
session compared to the usual ON-OFF methodology.",9,NimbusRomNo9L-Regu,,242,64
"During an observation run, targets are selected automatically
from the list of inspected targets based on their proximity rel-
ative to the telescope orientation. Other target selection criteria
are 0",9,NimbusRomNo9L-Regu,,200,67
< δ <,9,rtxmi,,5,5
"85 deg and that the angular separation between the
target and the Sun should be higher than 10",9,NimbusRomNo9L-Regu,,94,50
deg,9,NimbusRomNo9L-ReguItal,,3,3
". After each run,
we reduced the collected data as described in Section 3.3.3 below
and updated the target list, accordingly. Keywords are used to",9,NimbusRomNo9L-Regu,,146,65
"label and identify galaxies to be observed. The ON-OFF-ON cy-
cles are repeated until the signal is su",9,NimbusRomNo9L-Regu,,102,61
ﬃ,9,rtxr,,1,1
"cient to give an adequate
line width measurement (S",9,NimbusRomNo9L-Regu,,51,25
/,9,rtxr,,1,1
"N high enough to give an acceptable
error on the line width, see Section 2). The total integration time",9,NimbusRomNo9L-Regu,,103,67
"Article number, page 6 of 9",8,NimbusRomNo9L-Regu,,27,27
"per source goes from 15 min (one ON-OFF-ON cycle), to sev-
eral hours for the most distant galaxies, or when the spectra were
contaminated by radio frequency interferences (RFIs) as detailed
in Section 3.3.3 below.",9,NimbusRomNo9L-Regu,,214,66
3.3.3. Data reduction and RFIs,9,NimbusSanL-Regu,,30,30
Each integration of a single ON-OFF pair is calibrated with the,9,NimbusRomNo9L-Regu,,63,63
getsigref,9,t1xtt,,9,9
function of,9,NimbusRomNo9L-Regu,,11,11
GBTIDL,9,t1xtt,,6,6
4,6,NimbusRomNo9L-Regu,,1,1
"in order to obtain the ﬁnal
spectra. After removing eventual RFIs as described in this sec-
tion below, a Hanning smoothing (",9,NimbusRomNo9L-Regu,,125,63
hanning,9,t1xtt,,7,7
"function) is applied
in order to obtain a resolution of 3.6 km",9,NimbusRomNo9L-Regu,,62,41
/,9,rtxr,,1,1
s.,9,NimbusRomNo9L-Regu,,2,2
"In total, 628 HI spectra of galaxies have been obtained at
GBT, of which 407 correspond to detections and 385 are ac-
ceptable for the use of the TF relation. The raw HI parameters
measured on the 628 spectra obtained are available in Table 2,
as well as complementary data. Column 1 corresponds to the
ID number of the target in the Principal Galaxy catalog (PGC).
Column 2 gives an alternative name. Columns 3 and 4 corre-
spond to the input (heliocentric) velocity",9,NimbusRomNo9L-Regu,,467,62
V,9,NimbusRomNo9L-ReguItal,,1,1
hel,6,NimbusRomNo9L-Regu,,3,3
"and the velocity
measured on the proﬁle",9,NimbusRomNo9L-Regu,,39,22
V,9,NimbusRomNo9L-ReguItal,,1,1
50,6,NimbusRomNo9L-Regu,,2,2
. The line width,9,NimbusRomNo9L-Regu,,16,16
W,9,NimbusRomNo9L-ReguItal,,1,1
50,6,NimbusRomNo9L-Regu,,2,2
and its uncer-,9,NimbusRomNo9L-Regu,,14,14
tainty,9,NimbusRomNo9L-Regu,,6,6
e,9,NimbusRomNo9L-ReguItal,,1,1
W,6,NimbusRomNo9L-ReguItal,,1,1
", as well as the S",9,NimbusRomNo9L-Regu,,18,18
/,9,rtxr,,1,1
N and the measured HI line ﬂux are,9,NimbusRomNo9L-Regu,,34,34
"provided in Columns 5, 6, 7, and 8, respectively. We note that
we use the error codes",9,NimbusRomNo9L-Regu,,85,62
e,9,NimbusRomNo9L-ReguItal,,1,1
W,6,NimbusRomNo9L-ReguItal,,1,1
=,9,rtxr,,1,1
100 km,9,NimbusRomNo9L-Regu,,6,6
/,9,rtxr,,1,1
s and,9,NimbusRomNo9L-Regu,,5,5
e,9,NimbusRomNo9L-ReguItal,,1,1
w,6,NimbusRomNo9L-ReguItal,,1,1
=,9,rtxr,,1,1
500 km,9,NimbusRomNo9L-Regu,,6,6
/,9,rtxr,,1,1
"s for
confused spectra and non-detections, respectively. The inclina-
tion is listed in Column 9, and the total B-band magnitude is
provided in Column 10. All non-HI parameters (input velocity,
inclination, and magnitude) have been extracted from the LEDA
database. All HI proﬁles and corresponding PanSTARRS opti-
cal images of the 628 galaxies observed can be found in Table 3,
which is available electronically at the journal’s homepage.",9,NimbusRomNo9L-Regu,,440,64
"The main problems faced during data reduction arose from
RFI. The single peak RFIs are removed easily by interpolation",9,NimbusRomNo9L-Regu,,118,61
and do not a,9,NimbusRomNo9L-Regu,,12,12
ﬀ,9,rtxr,,1,1
"ect the ﬁnal spectra and measurements of HI pa-
rameters.",9,NimbusRomNo9L-Regu,,57,47
4,5,NimbusRomNo9L-Regu,,1,1
http://gbtidl.nrao.edu,8,t1xtt,,22,22
"0
100
200
300
400S/N",8,DejaVuSans,,20,6
CF,5,DejaVuSans,,2,2
"0
50
100
150
200
250
300
350
400",8,DejaVuSans,,32,3
S,5,DejaVuSans,,1,1
/,2,DejaVuSans,,1,1
N,6,DejaVuSans,,1,1
"0
10
20
30
40
50S/N (km/s)
150
100
50
0
50
100
150",8,DejaVuSans,,50,12
W,8,DejaVuSans-Oblique,,1,1
C,4,DejaVuSans,,1,1
F,3,DejaVuSans,,1,1
m,5,DejaVuSans,,1,1
x,3,DejaVuSans,,1,1
W,8,DejaVuSans-Oblique,,1,1
50,3,DejaVuSans,,2,2
,2,DejaVuSans,,0,0
(,3,DejaVuSans,,1,1
k,4,DejaVuSans,,1,1
m,8,DejaVuSans,,1,1
/,2,DejaVuSans,,1,1
s,4,DejaVuSans,,1,1
),3,DejaVuSans,,1,1
A. Dupuy et al.: Toward Cosmicﬂows-4: The H,8,NimbusRomNo9L-Regu,,43,43
i,8,rtxsc,,1,1
data catalog,8,NimbusRomNo9L-Regu,,12,12
Table 2.,8,NimbusRomNo9L-Medi,,8,8
"Raw HI parameters measured on all 628 spectra obtained at GBT as well as complementary data. The full table is available electronically
at the journal’s homepage. The error",8,NimbusRomNo9L-Regu,,172,135
e,8,NimbusRomNo9L-ReguItal,,1,1
W,5,NimbusRomNo9L-ReguItal,,1,1
=,8,rtxr,,1,1
100 km,8,NimbusRomNo9L-Regu,,6,6
/,8,rtxr,,1,1
"s corresponds to the confusion case where, for example, two galaxies are in the detection ﬁeld,",8,NimbusRomNo9L-Regu,,95,95
e,8,NimbusRomNo9L-ReguItal,,1,1
W,5,NimbusRomNo9L-ReguItal,,1,1
=,8,rtxr,,1,1
500 km,8,NimbusRomNo9L-Regu,,6,6
/,8,rtxr,,1,1
"s, which corresponds to the no detection case.",8,NimbusRomNo9L-Regu,,46,46
"Name
PGC
676
UGC00085
22698 UGC04205
20121 UGC03655
9432
8177",9,NimbusRomNo9L-Regu,,61,14
"IC1799
UGC01628",9,NimbusRomNo9L-Regu,,15,8
V,9,NimbusRomNo9L-ReguItal,,1,1
hel,6,NimbusRomNo9L-Regu,,3,3
"5153
6850
6170
5022
5556",9,NimbusRomNo9L-Regu,,24,4
V,9,NimbusRomNo9L-ReguItal,,1,1
50,6,NimbusRomNo9L-Regu,,2,2
W,9,NimbusRomNo9L-ReguItal,,1,1
50,6,NimbusRomNo9L-Regu,,2,2
"277
5157
390
6844
201
6056
422
4926
76
5650",9,NimbusRomNo9L-Regu,,43,4
e,9,NimbusRomNo9L-ReguItal,,1,1
W,6,NimbusRomNo9L-ReguItal,,1,1
"16
18
49
100
500",9,NimbusRomNo9L-Regu,,16,3
S,9,NimbusRomNo9L-Regu,,1,1
/,9,rtxr,,1,1
"N Flux
3.7
6.9
3.1
4.1
1.5
0.8
6.6
6.9
0.3
0.9",9,NimbusRomNo9L-Regu,,46,6
i,9,NimbusRomNo9L-ReguItal,,1,1
"48
90
42
64
62",9,NimbusRomNo9L-Regu,,14,2
b,9,NimbusRomNo9L-ReguItal,,1,1
t,6,NimbusRomNo9L-ReguItal,,1,1
"14.46
15.22
14.49
14.89
15.65",9,NimbusRomNo9L-Regu,,29,5
Table 3.,8,NimbusRomNo9L-Medi,,8,8
"HI proﬁles and PanSTARRS multi-band images of the 628 galaxies observed at GBT. Columns 1 and 3 give the PGC number, the
heliocentric velocity",8,NimbusRomNo9L-Regu,,142,120
V,8,NimbusRomNo9L-ReguItal,,1,1
hel,5,NimbusRomNo9L-Regu,,3,3
in km,8,NimbusRomNo9L-Regu,,5,5
/,8,rtxr,,1,1
"s, and the HI proﬁle after the measurement of the line width. In the case of non-detection, the raw spectra obtained
from the GBT is shown in red. Columns 2 and 4 give the raw line width",8,NimbusRomNo9L-Regu,,186,116
W,8,NimbusRomNo9L-ReguItal,,1,1
50,5,NimbusRomNo9L-Regu,,2,2
and its error,8,NimbusRomNo9L-Regu,,13,13
e,8,NimbusRomNo9L-ReguItal,,1,1
W,5,NimbusRomNo9L-ReguItal,,1,1
in km,8,NimbusRomNo9L-Regu,,5,5
/,8,rtxr,,1,1
"s, as well as the PanSTARRS image composite
of the bands y",8,NimbusRomNo9L-Regu,,58,43
/,8,rtxr,,1,1
i,8,NimbusRomNo9L-Regu,,1,1
/,8,rtxr,,1,1
g. The full table is available electronically at the journal’s homepage.,8,NimbusRomNo9L-Regu,,72,72
PGC,9,NimbusRomNo9L-Regu,,3,3
/,9,rtxr,,1,1
V,9,NimbusRomNo9L-ReguItal,,1,1
hel,6,NimbusRomNo9L-Regu,,3,3
"Proﬁle
PGC0000676",9,NimbusRomNo9L-Regu,,17,10
/,9,rtxr,,1,1
5157,9,NimbusRomNo9L-Regu,,4,4
W,9,NimbusRomNo9L-ReguItal,,1,1
50,6,NimbusRomNo9L-Regu,,2,2
/,9,rtxr,,1,1
e,9,NimbusRomNo9L-ReguItal,,1,1
W,6,NimbusRomNo9L-ReguItal,,1,1
"PanSTARRS
277",9,NimbusRomNo9L-Regu,,13,9
/,9,rtxr,,1,1
16,9,NimbusRomNo9L-Regu,,2,2
PGC,9,NimbusRomNo9L-Regu,,3,3
/,9,rtxr,,1,1
V,9,NimbusRomNo9L-ReguItal,,1,1
hel,6,NimbusRomNo9L-Regu,,3,3
"Proﬁle
PGC0022698",9,NimbusRomNo9L-Regu,,17,10
/,9,rtxr,,1,1
6844,9,NimbusRomNo9L-Regu,,4,4
W,9,NimbusRomNo9L-ReguItal,,1,1
50,6,NimbusRomNo9L-Regu,,2,2
/,9,rtxr,,1,1
e,9,NimbusRomNo9L-ReguItal,,1,1
W,6,NimbusRomNo9L-ReguItal,,1,1
"PanSTARRS
390",9,NimbusRomNo9L-Regu,,13,9
/,9,rtxr,,1,1
18,9,NimbusRomNo9L-Regu,,2,2
PGC0020121,9,NimbusRomNo9L-Regu,,10,10
/,9,rtxr,,1,1
6056,9,NimbusRomNo9L-Regu,,4,4
201,9,NimbusRomNo9L-Regu,,3,3
/,9,rtxr,,1,1
49,9,NimbusRomNo9L-Regu,,2,2
PGC0009432,9,NimbusRomNo9L-Regu,,10,10
/,9,rtxr,,1,1
4926,9,NimbusRomNo9L-Regu,,4,4
422,9,NimbusRomNo9L-Regu,,3,3
/,9,rtxr,,1,1
100,9,NimbusRomNo9L-Regu,,3,3
PGC0008177,9,NimbusRomNo9L-Regu,,10,10
/,9,rtxr,,1,1
5650,9,NimbusRomNo9L-Regu,,4,4
76,9,NimbusRomNo9L-Regu,,2,2
/,9,rtxr,,1,1
500,9,NimbusRomNo9L-Regu,,3,3
"However, a signiﬁcant RFI located at 8,500 km",9,NimbusRomNo9L-Regu,,45,45
/,9,rtxr,,1,1
s (or 1.381,9,NimbusRomNo9L-Regu,,11,11
MHz) has been encountered frequently. It may be generated by a,9,NimbusRomNo9L-Regu,,62,62
"radar or a GPS system used for nuclear tests. This RFI destroyed
a signiﬁcant amount of HI spectra of distant galaxies located be-
tween 8,000 km",9,NimbusRomNo9L-Regu,,145,65
/,9,rtxr,,1,1
"s and 9,000 km",9,NimbusRomNo9L-Regu,,14,14
/,9,rtxr,,1,1
"s. The RFI is visible, for exam-
ple, on the HI spectra of PGC6177 located at",9,NimbusRomNo9L-Regu,,77,44
cz,9,NimbusRomNo9L-ReguItal,,2,2
=,9,rtxr,,1,1
8,9,NimbusRomNo9L-Regu,,1,1
",",9,rtxmi,,1,1
252 km,9,NimbusRomNo9L-Regu,,6,6
/,9,rtxr,,1,1
"s,
as shown in Figure 6. The HI line on contaminated spectra is
not visible at all as the amplitude of the RFI (up to",9,NimbusRomNo9L-Regu,,117,60
≈,9,txsy,,1,1
"10 Jy) is
much larger than the usual amplitude of an HI line (",9,NimbusRomNo9L-Regu,,62,52
≈,9,txsy,,1,1
"15 mJy).
We chose to ignore integrations of a single scan contaminated by
this RFI when deriving the ﬁnal HI spectra. The FFT methodol-
ogy (sigma clipping in Fourier space) suggested by Hunt et al.
(2016) has been tested on contaminated spectra with no success.",9,NimbusRomNo9L-Regu,,262,64
Please refer to this publication for more details on the method.,9,NimbusRomNo9L-Regu,,64,64
"Finally, 192 targets have been observed for which no HI lines
have been detected, and 29 spectra are confused. Sadly, a signif-
icant amount of observing time has been lost on these targets,",9,NimbusRomNo9L-Regu,,190,65
even though all targets have been deeply inspected prior to ob-,9,NimbusRomNo9L-Regu,,63,63
serving to check if an HI disk may be present.,9,NimbusRomNo9L-Regu,,46,46
3.4. New additions to the ADHI collection,9,NimbusSanL-Regu-Slant_167,,41,41
"The sky distribution of the 385 new additions to the ADHI col-
lection is shown in Figure 1. GBT galaxies are displayed as blue
triangles. We focused on the northern celestial hemisphere to ad-
dress the lack of the data coverage by Cosmicﬂows-3 in this re-
gion.",9,NimbusRomNo9L-Regu,,263,65
"The redshift distribution of these galaxies is represented in
blue in Figure 2. Mostly distant galaxies (up to 10,000 km",9,NimbusRomNo9L-Regu,,120,61
/,9,rtxr,,1,1
"s)
have been observed and added to ADHI.",9,NimbusRomNo9L-Regu,,40,37
"The left panel of Figure 3 shows the log of the integrated
ﬂux as a function of the log of the HI line width. We mostly
observed massive galaxies with low ﬂux. The right panel shows
the distribution of the HI mass as a function of the redshift.",9,NimbusRomNo9L-Regu,,244,62
"Article number, page 7 of 9",8,NimbusRomNo9L-Regu,,27,27
A,8,NimbusRomNo9L-Regu-Slant_167,,1,1
&,8,rtxr-Slant_167,,1,1
A proofs:,8,NimbusRomNo9L-Regu-Slant_167,,9,9
manuscript no. HIpublished,8,NimbusRomNo9L-Regu,,26,26
with spectra that may be su,9,NimbusRomNo9L-Regu,,27,27
ﬃ,9,rtxr,,1,1
"cient for TF distance measurement.
In total, this paper brings an additional 2,789 new galaxies that
were not previously in our All Digital Catalog.",9,NimbusRomNo9L-Regu,,148,65
"However, this study does not fully counterbalance the celes-
tial north-south asymmetrical coverage of the HI observations in
the Cosmicﬂows catalogs. In the north, future HI surveys, such
as Apertif in the Netherlands and FAST in China, could poten-
tially improve this imbalance.",9,NimbusRomNo9L-Regu,,281,64
Acknowledgements.,7,NimbusRomNo9L-ReguItal,,17,17
"HC is grateful to the Institut Universitaire de France and
CNES for its support. AD acknowledges ﬁnancial support from the Project
IDEXLYON at the University of Lyon under the Investments for the Future
Program (ANR-16-IDEX-0005). We acknowledge the use of the HyperLeda
database. This project is partly ﬁnancially supported by Region Rhone-Alpes-
Auvergne.",7,NimbusRomNo9L-Regu,,357,76
References,10,NimbusSanL-Bold,,10,10
"Alam, S., Albareti, F. D., Allende Prieto, C., et al. 2015, ApJS, 219, 12
Aldering, G., Adam, G., Antilogus, P., et al. 2002, Society of Photo-Optical In-
strumentation Engineers (SPIE) Conference Series, Vol. 4836, Overview of
the Nearby Supernova Factory, ed. J. A. Tyson & S. Wol",7,NimbusRomNo9L-Regu,,282,80
ﬀ,7,rtxr,,1,1
", 61–72",7,NimbusRomNo9L-Regu,,7,7
"Chambers, K. C., Magnier, E. A., Metcalfe, N., et al. 2016, arXiv e-prints,",7,NimbusRomNo9L-Regu,,75,75
arXiv:1612.05560,7,NimbusRomNo9L-Regu,,16,16
"Courtois, H. M. & Tully, R. B. 2015, MNRAS, 447, 1531
Courtois, H. M., Tully, R. B., Fisher, J. R., et al. 2009, AJ, 138, 1938
Courtois, H. M., Tully, R. B., Ho",7,NimbusRomNo9L-Regu,,160,72
ﬀ,7,rtxr,,1,1
"man, Y., et al. 2017, ApJ, 847, L6
Courtois, H. M., Tully, R. B., Makarov, D. I., et al. 2011, MNRAS, 414, 2005
Courtois, H. M., Zaritsky, D., Sorce, J. G., & Pomarède, D. 2015, MNRAS, 448,",7,NimbusRomNo9L-Regu,,189,77
1767,7,NimbusRomNo9L-Regu,,4,4
"Giovanelli, R., Haynes, M. P., Kent, B. R., et al. 2007, AJ, 133, 2569
Haynes, M. P., Giovanelli, R., Kent, B. R., et al. 2018, ApJ, 861, 49
Haynes, M. P., Giovanelli, R., Martin, A. M., et al. 2011, AJ, 142, 170
Ho",7,NimbusRomNo9L-Regu,,215,71
ﬀ,7,rtxr,,1,1
"man, Y., Pomarède, D., Tully, R. B., & Courtois, H. M. 2017, Nature As-",7,NimbusRomNo9L-Regu,,71,71
"tronomy, 1, 0036",7,NimbusRomNo9L-Regu,,16,16
"Hong, T., Staveley-Smith, L., Masters, K. L., et al. 2013, MNRAS, 432, 1178
Huchtmeier, W. K., Karachentsev, I. D., Karachentseva, V. E., Kudrya, Y. N., &",7,NimbusRomNo9L-Regu,,154,78
"Mitronova, S. N. 2005, A&A, 435, 459",7,NimbusRomNo9L-Regu,,36,36
"Hunt, L. R., Pisano, D. J., & Edel, S. 2016, AJ, 152, 30
Karachentsev, I. D., Karachentseva, V. E., Kudrya, Y. N., Sharina, M. E., &
Parnovskij, S. L. 1999, Bulletin of the Special Astrophysics Observatory, 47
[",7,NimbusRomNo9L-Regu,,211,76
astro-ph/0305566,7,t1xtt,,16,16
],7,NimbusRomNo9L-Regu,,1,1
"Kent, B. R., Giovanelli, R., Haynes, M. P., et al. 2008, AJ, 136, 713
Koribalski, B. S., Staveley-Smith, L., Kilborn, V. A., et al. 2004, AJ, 128, 16
Kourkchi, E., Courtois, H. M., Graziani, R., et al. 2020a, AJ, 159, 67
Kourkchi, E., Tully, R. B., Eftekharzadeh, S., et al. 2020b, ApJ, 902, 145
Kourkchi, E., Tully, R. B., Neill, J. D., et al. 2019, ApJ, 884, 82
Luo, A.-L., Zhao, Y.-H., Zhao, G., et al. 2015, Research in Astronomy and As-",7,NimbusRomNo9L-Regu,,441,79
"Makarov, D., Prugniel, P., Terekhova, N., Courtois, H., & Vauglin, I. 2014, A&A,",7,NimbusRomNo9L-Regu,,80,80
"trophysics, 15, 1095",7,NimbusRomNo9L-Regu,,20,20
"570, A13",7,NimbusRomNo9L-Regu,,8,8
149,7,NimbusRomNo9L-Regu,,3,3
"A&A, 599, A104",7,NimbusRomNo9L-Regu,,14,14
"A&A, 465, 71",7,NimbusRomNo9L-Regu,,12,12
"Rigault, M., Brinnel, V., Aldering, G., et al. 2020, A&A, 644, A176
Saintonge, A., Giovanelli, R., Haynes, M. P., et al. 2008, AJ, 135, 588
Springob, C. M., Haynes, M. P., Giovanelli, R., & Kent, B. R. 2005, ApJS, 160,",7,NimbusRomNo9L-Regu,,218,78
"Theureau, G., Bottinelli, L., Coudreau-Durand, N., et al. 1998, A&AS, 130, 333",7,NimbusRomNo9L-Regu,,78,78
"Theureau, G., Coudreau, N., Hallet, N., et al. 2005, A&A, 430, 373
Theureau, G., Coudreau, N., Hallet, N., Hanski, M. O., & Poulain, M. 2017,",7,NimbusRomNo9L-Regu,,141,74
"Theureau, G., Hanski, M. O., Coudreau, N., Hallet, N., & Martin, J. M. 2007,",7,NimbusRomNo9L-Regu,,76,76
"Theureau, G., Martin, J. M., Cognard, I., & Borsenberger, J. 2006, in Astronom-
ical Society of the Paciﬁc Conference Series, Vol. 351, Astronomical Data
Analysis Software and Systems XV, ed. C. Gabriel, C. Arviset, D. Ponz, &
S. Enrique, 429",7,NimbusRomNo9L-Regu,,242,79
"Tully, R. B., Courtois, H., Ho",7,NimbusRomNo9L-Regu,,30,30
ﬀ,7,rtxr,,1,1
"man, Y., & Pomarède, D. 2014, Nature, 513, 71
Tully, R. B. & Fouque, P. 1985, ApJS, 58, 67
Tully, R. B., Pomarède, D., Graziani, R., et al. 2019, ApJ, 880, 24
van Driel, W., Butcher, Z., Schneider, S., et al. 2016, A&A, 595, A118",7,NimbusRomNo9L-Regu,,229,70
"van Driel, W., Schneider, S. E., Lehnert, M., & Minchin, R. 2008, in American",7,NimbusRomNo9L-Regu,,77,77
"Institute of Physics Conference Series, Vol. 1035, The Evolution of Galaxies
Through the Neutral Hydrogen Window, ed. R. Minchin & E. Momjian, 256–
258",7,NimbusRomNo9L-Regu,,151,76
"Zwaan, M. A., Briggs, F. H., & Sprayberry, D. 2001, MNRAS, 327, 1249",7,NimbusRomNo9L-Regu,,68,68
Fig. 6.,8,NimbusRomNo9L-Medi,,7,7
HI spectra of PGC6177 located at,8,NimbusRomNo9L-Regu,,32,32
cz,8,NimbusRomNo9L-ReguItal,,2,2
=,8,rtxr,,1,1
8,8,NimbusRomNo9L-Regu,,1,1
",",8,rtxmi,,1,1
252 km,8,NimbusRomNo9L-Regu,,6,6
/,8,rtxr,,1,1
"s. A strong
radio frequency interference (RFI) occurring frequently at 8,500 km",8,NimbusRomNo9L-Regu,,79,67
/,8,rtxr,,1,1
"s
can be noticed, while the HI line is not visible.",8,NimbusRomNo9L-Regu,,51,49
4. From Cosmicﬂows-3 to Cosmicﬂows-4,10,NimbusSanL-Bold,,36,36
"The sky distribution of all new line width measurements ade-
quate for TF is shown in Figure 7. The black triangles corre-
spond to the CF3 catalog, while the red dots represent the new
HI data. Most of the new data are located in the north in order
to correct the north-south asymmetry in Cosmicﬂows-3. The im-
balance in the number of galaxies is indeed slightly corrected.
In CF3,",9,NimbusRomNo9L-Regu,,383,63
∼,9,txsy,,1,1
70% of the data were located in the south and only,9,NimbusRomNo9L-Regu,,50,50
∼,9,txsy,,1,1
"30% in the north. After adding the new HI data presented in
this paper,",9,NimbusRomNo9L-Regu,,71,59
∼,9,txsy,,1,1
55% of data should be in the south and,9,NimbusRomNo9L-Regu,,38,38
∼,9,txsy,,1,1
"45% in the
north.",9,NimbusRomNo9L-Regu,,17,10
"In Figure 8, we compare the redshift distributions of the CF3
data and the new HI data to be added to CF4. The CF3 data are
represented in gray with a black dotted line, while the new HI
data are over-plotted and shown in red. The combination of CF3
with these new data to produce CF4 is shown in Figure 8 in gray
with a solid black line. The contribution of the TF method to
CF4 becomes less signiﬁcant as",9,NimbusRomNo9L-Regu,,406,63
cz,9,NimbusRomNo9L-ReguItal,,2,2
"increases. The new HI data
added in the north are not distant enough to fully compensate for
the lack of data in this region, compared to the south which is
mainly covered by the fundamental plane method with 6dF.",9,NimbusRomNo9L-Regu,,213,65
"We have updated the ADHI catalog by incorporating all
galaxies with new HI observations at GBT and those with re-
processed Nançay HI measurements presented in this study, as",9,NimbusRomNo9L-Regu,,174,60
listed in Table 4. Column 1 corresponds to the ID number of,9,NimbusRomNo9L-Regu,,59,59
"the target in the Principal Galaxy catalog (PGC). An alternative
name is given in Column 2. The source of the spectra and the
telescope used to conduct the observation are given in Columns
3 and 4, respectively. The heliocentric velocity",9,NimbusRomNo9L-Regu,,237,64
V,9,NimbusRomNo9L-ReguItal,,1,1
hel,6,NimbusRomNo9L-Regu,,3,3
"is provided
in Column 5. Main HI parameters are listed in Columns 6, 7, and
8.",9,NimbusRomNo9L-Regu,,78,63
5. Conclusion,10,NimbusSanL-Bold,,13,13
"We have acquired 385 high quality HI measurements from 628
targets using the GBT and 889 good measurements of the HI",9,NimbusRomNo9L-Regu,,116,58
"line width from 2,692 remeasured Nançay spectra. These 1,274
newly observed and reprocessed galaxies have been added to our
ADHI catalog maintained at the Extragalactic Distance Database
(EDD). Furthermore, we identify 1,515 new ALFALFA galaxies",9,NimbusRomNo9L-Regu,,245,62
"Article number, page 8 of 9",8,NimbusRomNo9L-Regu,,27,27
A. Dupuy et al.: Toward Cosmicﬂows-4: The H,8,NimbusRomNo9L-Regu,,43,43
i,8,rtxsc,,1,1
data catalog,8,NimbusRomNo9L-Regu,,12,12
Fig. 7.,8,NimbusRomNo9L-Medi,,7,7
"Sky distribution in equatorial coordinates of all new line width measurements presented in this paper, which are adequate for TF distance
measurement. The black triangles correspond to the Cosmicﬂows-3 catalog, while the red dots represent the new additional HI data.",8,NimbusRomNo9L-Regu,,267,137
Table 4.,8,NimbusRomNo9L-Medi,,8,8
"Newly observed and reprocessed HI measurements presented in this paper. The full table is available electronically at the journal’s
homepage.",8,NimbusRomNo9L-Regu,,141,131
Name,9,NimbusRomNo9L-Regu,,4,4
"Source
PGC
14330 MCG-03-11-007
Theureau et al. (2017)
25180 MCG",9,NimbusRomNo9L-Regu,,63,22
+,9,rtxr,,1,1
"03-23-021 Theureau et al. (2017)
van Driel et al. (2016)
1862 MCG-02-02-033
this paper
43634
47833 MCG",9,NimbusRomNo9L-Regu,,102,32
+,9,rtxr,,1,1
"06-30-042
this paper",9,NimbusRomNo9L-Regu,,20,10
UGC08012,9,NimbusRomNo9L-Regu,,8,8
"Telescope
Nançay
Nançay
Nançay
GBT
GBT",9,NimbusRomNo9L-Regu,,38,9
V,9,NimbusRomNo9L-ReguItal,,1,1
hel,6,NimbusRomNo9L-Regu,,3,3
W,9,NimbusRomNo9L-ReguItal,,1,1
mx,6,NimbusRomNo9L-Regu,,2,2
"376
7536
194
6150
266
5351
290
8160
196
7005",9,NimbusRomNo9L-Regu,,44,4
e,9,NimbusRomNo9L-ReguItal,,1,1
W,6,NimbusRomNo9L-ReguItal,,1,1
"18
17
18
18
17",9,NimbusRomNo9L-Regu,,14,2
S,9,NimbusRomNo9L-Regu,,1,1
/,9,rtxr,,1,1
"N
3.3
5.7
4.2
3.5
5.4",9,NimbusRomNo9L-Regu,,21,3
Fig. 8.,8,NimbusRomNo9L-Medi,,7,7
"Redshift distribution of CF3 data (black dotted line) and resulting
addition into CF4 catalog (merging of CF3 and new HI data, gray with
solid black line). The redshift distribution of the new HI data is shown
in red.",8,NimbusRomNo9L-Regu,,217,72
"Article number, page 9 of 9",8,NimbusRomNo9L-Regu,,27,27
"Right Ascension deg
-75°
-60°
-45°
-30°
-15°
0°
15°
30°
45°
60°
75°",9,DejaVuSans,,67,19
D,7,DejaVuSans,,1,1
e,5,DejaVuSans,,1,1
c,5,DejaVuSans,,1,1
li,2,DejaVuSans,,2,2
n,5,DejaVuSans,,1,1
a,5,DejaVuSans,,1,1
t,3,DejaVuSans,,1,1
i,2,DejaVuSans,,1,1
o,5,DejaVuSans,,1,1
n,5,DejaVuSans,,1,1
,2,DejaVuSans,,0,0
d,5,DejaVuSans,,1,1
e,5,DejaVuSans,,1,1
g,5,DejaVuSans,,1,1
"0°90°180°270°

























































































































































































































































































































































































































































































































































































































































































































































































































































































































































































































































































































































































































































































































































































































































































































































































































































































































































































































































































































































































































































































































































































































































































































































































































































































































































































































































































































































































































































































































































































































































































































































CF3
new HI",9,DejaVuSans,,3057,13
"0

5000

10000

15000

20000",8,DejaVuSans,,28,5
cz,8,DejaVuSans-Oblique,,2,2
"(km/s)

0

100

200",8,DejaVuSans,,19,6
"300

400

500",8,DejaVuSans,,13,3
nu,5,DejaVuSans,,2,2
m,7,DejaVuSans,,1,1
b,5,DejaVuSans,,1,1
e,5,DejaVuSans,,1,1
r,3,DejaVuSans,,1,1
,2,DejaVuSans,,0,0
o,5,DejaVuSans,,1,1
f,2,DejaVuSans,,1,1
,2,DejaVuSans,,0,0
g,5,DejaVuSans,,1,1
a,5,DejaVuSans,,1,1
l,2,DejaVuSans,,1,1
a,5,DejaVuSans,,1,1
x,4,DejaVuSans,,1,1
i,2,DejaVuSans,,1,1
e,5,DejaVuSans,,1,1
s,4,DejaVuSans,,1,1
"CF3
new HI
CF3 + new HI",8,DejaVuSans,,23,12
