text,space_num,symbolic_percent,space_percent,num_world,num_columns,front_spaces_perc,back_spaces
"                                                Draft version January 5, 2021",48.0,0.3246753246753247,0.6753246753246753,5.0,1.0,0.2711864406779661,0.5649717514124294
                                                Preprint typeset using LATEX style emulateapj v. 12/16/11,48.0,0.47619047619047616,0.5238095238095238,8.0,1.0,0.2711864406779661,0.4067796610169492
                                                                              VLBI OBSERVATIONS OF SUPERNOVA PTF11QCJ:,78.0,0.3050847457627119,0.6949152542372881,5.0,1.0,0.4406779661016949,0.33333333333333337
                                                                         DIRECT CONSTRAINTS ON THE SIZE OF THE RADIO EJECTA,73.0,0.34146341463414637,0.6585365853658536,9.0,1.0,0.4124293785310734,0.30508474576271183
"                                                                                   1,*",83.0,0.03488372093023256,0.9651162790697675,1.0,1.0,0.4689265536723164,0.5141242937853108
"                                                           N. T. Palliyaguru             , A. Corsi 1 , M. PeÃÅrez-Torres 2 , E. Varenius   3,4",59.0,0.3873239436619718,0.6126760563380282,15.0,8.0,0.3333333333333333,0.19774011299435024
"                                                                                                                                                 , and H. Van Eerten5",145.0,0.09696969696969697,0.9030303030303031,5.0,1.0,0.8192090395480226,0.06779661016949157
"                                                                                                     Draft version January 5, 2021",101.0,0.19230769230769232,0.8076923076923077,5.0,1.0,0.5706214689265536,0.2655367231638418
                                                                                                     ABSTRACT,101.0,0.07339449541284404,0.926605504587156,1.0,1.0,0.5706214689265536,0.384180790960452
                                                         We present High Sensitivity Array (HSA) and enhanced Multi Element Remotely Linked Interfer-,57.0,0.5369127516778524,0.46308724832214765,13.0,1.0,0.3220338983050847,0.1581920903954802
                                                       ometer Network (eMERLIN) observations of the radio-loud broad-lined type Ic supernova PTF11qcj,55.0,0.5570469798657718,0.4429530201342282,12.0,1.0,0.3107344632768362,0.1581920903954802
                                                       obtained ‚àº 7.5 years after the explosion. Previous observations of this supernova at 5.5 yrs since,55.0,0.5424836601307189,0.4575163398692811,16.0,1.0,0.3107344632768362,0.13559322033898302
arXiv:2101.00128v1 [astro-ph.HE] 1 Jan 2021,0.0,0.9069767441860465,0.09302325581395354,5.0,1.0,0.0,0.7570621468926554
"                                                       explosion showed a double-peaked radio light curve accompanied by a detection in the X‚Äìrays, but",55.0,0.543046357615894,0.45695364238410596,15.0,1.0,0.3107344632768362,0.14689265536723162
                                                       no evidence for broad HŒ± spectral features. The Very Long Baseline Interferometry (VLBI) obser-,55.0,0.5466666666666666,0.45333333333333337,14.0,1.0,0.3107344632768362,0.15254237288135597
                                                       vations presented here show that the PTF11qcj GHz radio ejecta remains marginally resolved at the,55.0,0.5460526315789473,0.45394736842105265,15.0,1.0,0.3107344632768362,0.14124293785310738
"                                                       sub-milliarcsecond level at ‚âà 7.5 yrs after the explosion, pointing toward a non-relativistic expansion.",55.0,0.5723270440251572,0.4276729559748428,14.0,1.0,0.3107344632768362,0.10169491525423724
                                                       Our VLBI observations thus favor a scenario in which the second peak of the PTF11qcj radio light,55.0,0.5298013245033113,0.4701986754966887,17.0,1.0,0.3107344632768362,0.14689265536723162
                                                       curve is related to strong interaction of the supernova ejecta with a circumstellar medium of variable,55.0,0.554140127388535,0.445859872611465,16.0,1.0,0.3107344632768362,0.11299435028248583
"                                                       density, rather than to the emergence of an off‚Äìaxis jet. Continued VLBI monitoring of PTF11qcj in",55.0,0.5424836601307189,0.4575163398692811,16.0,1.0,0.3107344632768362,0.13559322033898302
                                                       the radio may strengthen further this conclusion.,55.0,0.41346153846153844,0.5865384615384616,7.0,1.0,0.3107344632768362,0.4124293785310734
                                                                    1. INTRODUCTION                                   ing gun for (non-relativistic) ejecta interacting with a,68.0,0.3620689655172414,0.6379310344827587,10.0,18.0,0.384180790960452,0.016949152542372836
"                                                Supernovae (SNe) of type Ib/c are believed to mark                    high-density CSM (e.g., Chevalier 1998; Chevalier et al.",48.0,0.5229885057471264,0.4770114942528736,17.0,11.0,0.2711864406779661,0.016949152542372836
                                              the deaths of massive stars that are stripped of their                  2004; Chevalier & Fransson 2006). Although strong CSM,46.0,0.5321637426900585,0.4678362573099415,18.0,10.0,0.2598870056497175,0.03389830508474578
"                                              hydrogen (type Ib), and possibly helium (type Ic), en-                  interaction is not commonly observed in BL-Ic SNe, a",46.0,0.5294117647058824,0.47058823529411764,18.0,10.0,0.2598870056497175,0.039548022598870025
"                                              velope before explosion (Filippenko 1997). A sub-class                  few cases exists such as SN 2007bg (Salas et al. 2013),",46.0,0.5375722543352601,0.4624277456647399,18.0,10.0,0.2598870056497175,0.02259887005649719
"                                              of Ib/c SNe dubbed broad-line (BL) Ic, estimated to                     PTF11qcj (Corsi et al. 2014; Palliyaguru et al. 2019),",46.0,0.5174418604651163,0.4825581395348837,18.0,11.0,0.2598870056497175,0.02824858757062143
"                                              constitute only ‚âà 5% of the Ib/c population (Woosley                    SN2018gep (Ho et al. 2019a) and, possibly, AT2018cow",46.0,0.5235294117647059,0.4764705882352941,17.0,11.0,0.2598870056497175,0.039548022598870025
"                                              & Bloom 2006; Gal-Yam 2017), is of particular interest                  (Rivera Sandoval et al. 2018; Smartt et al. 2018; Ho et al.",46.0,0.5310734463276836,0.4689265536723164,21.0,10.0,0.2598870056497175,0.0
                                              due to its relation to long-duration gamma-ray bursts                   2019b; Margutti et al. 2019).,46.0,0.48299319727891155,0.5170068027210885,13.0,10.0,0.2598870056497175,0.1694915254237288
"                                              (GRBs), the most relativistic stellar explosions we know                   Here, we focus on PTF11qcj, a radio-loud BL-Ic SN",46.0,0.5294117647058824,0.47058823529411764,17.0,10.0,0.2598870056497175,0.039548022598870025
                                              of in the universe (Piran 2004; MeÃÅszaÃÅros 2006). While                 extensively monitored via our approved programs on the,46.0,0.5465116279069767,0.4534883720930233,17.0,9.0,0.2598870056497175,0.02824858757062143
                                              all GRB-associated SNe are of type BL-Ic (Woosley &                     Karl G. Jansky Very Large Array (VLA; Corsi et al. 2014;,46.0,0.5114942528735632,0.4885057471264368,20.0,11.0,0.2598870056497175,0.016949152542372836
"                                              Bloom 2006; Hjorth & Bloom 2012, but see Cano et al.                    Palliyaguru et al. 2019). The extraordinary radio lumi-",46.0,0.5202312138728323,0.47976878612716767,19.0,11.0,0.2598870056497175,0.02259887005649719
"                                              (2014) for the peculiar case of SN 2013ez), not all BL-Ic               nosity of PTF11qcj (‚àº 1029 erg s‚àí1 Hz‚àí1 ) is reminiscent",46.0,0.5344827586206896,0.4655172413793104,22.0,8.0,0.2598870056497175,0.016949152542372836
"                                              events make a GRB (e.g., Berger et al. 2003; Soderberg                  of the GRB‚Äìassociated SN 1998bw (Kulkarni et al. 1998).",46.0,0.5317919075144508,0.4682080924855492,19.0,10.0,0.2598870056497175,0.02259887005649719
"                                              et al. 2006; Corsi et al. 2016). Thus, the question of what             As discussed in Corsi et al. (2014) and Palliyaguru et al.",46.0,0.5454545454545454,0.4545454545454546,23.0,7.0,0.2598870056497175,0.005649717514124242
"                                              physical ingredients enable some stripped-envelope mas-                 (2019), our radio monitoring over the first ‚âà 5.5 years",46.0,0.5549132947976878,0.4450867052023122,16.0,9.0,0.2598870056497175,0.02259887005649719
"                                              sive stars to launch a relativistic jet remains open (e.g.,             since explosion has revealed an unusual double‚Äìpeaked",46.0,0.5672514619883041,0.4327485380116959,17.0,7.0,0.2598870056497175,0.03389830508474578
                                              Modjaz et al. 2016).                                                    radio light curve. The radio emission observed during the,46.0,0.37714285714285717,0.6228571428571428,13.0,27.0,0.2598870056497175,0.011299435028248594
                                                As first demonstrated by the well-known case of                       first light curve peak (t . 200 d) can be modeled within,48.0,0.4885057471264368,0.5114942528735632,20.0,12.0,0.2711864406779661,0.016949152542372836
                                              SN 1998bw/GRB 980425 (Galama et al. 1998; Kulkarni                      the standard synchrotron self-absorption (SSA) model,46.0,0.5294117647058824,0.47058823529411764,14.0,12.0,0.2598870056497175,0.039548022598870025
"                                              et al. 1998), radio observations are particularly well                  for a spherical SN shock expanding in the CSM. This",46.0,0.5266272189349113,0.47337278106508873,18.0,10.0,0.2598870056497175,0.04519774011299438
                                              suited to identify those BL-Ic SNe that may harbor                      model yields an estimated speed of ‚âà 0.3 ‚àí 0.5 c for the,46.0,0.4942528735632184,0.5057471264367817,22.0,12.0,0.2598870056497175,0.016949152542372836
"                                              GRBs (hereafter referred to as engine-drive SNe), since                 fastest SN ejecta (Corsi et al. 2014), placing PTF11qcj in",46.0,0.5511363636363636,0.44886363636363635,18.0,9.0,0.2598870056497175,0.005649717514124242
                                              radio synchrotron emission traces the fastest moving                    an intermediate class between ‚Äúordinary‚Äù BL-Ic SNe and,46.0,0.5406976744186046,0.4593023255813954,15.0,11.0,0.2598870056497175,0.02824858757062143
"                                              ejecta (e.g., Berger et al. 2003). At the same time, be-                engine-driven ones like SN 1998bw or SN 2009bb (Soder-",46.0,0.5348837209302325,0.4651162790697675,20.0,9.0,0.2598870056497175,0.02824858757062143
"                                              cause non-thermal radio photons are produced in the in-                 berg et al. 2010). The simple, spherically symmetric",46.0,0.5411764705882353,0.45882352941176474,17.0,9.0,0.2598870056497175,0.039548022598870025
                                              teraction of the SN shock with the circumstellar mate-                  model of SN shock interaction with a smooth CSM (sim-,46.0,0.5263157894736842,0.4736842105263158,19.0,10.0,0.2598870056497175,0.03389830508474578
"                                              rial (CSM), bright radio emission can also be the smok-                 ple power-law density profile), however, cannot explain",46.0,0.5491329479768786,0.4508670520231214,17.0,9.0,0.2598870056497175,0.02259887005649719
                                                                                                                      the second radio peak. As discussed in Palliyaguru et al.,118.0,0.2742857142857143,0.7257142857142858,10.0,1.0,0.6666666666666666,0.011299435028248594
"                                                   1 Department of Physics and Astronomy, Texas Tech Univer-          (2019), two more complex scenarios can be invoked to in-",51.0,0.5517241379310345,0.4482758620689655,19.0,6.0,0.288135593220339,0.016949152542372836
"                                                sity, Lubbock, TX 79409-1051 (USA)                                    terpret this peculiar behavior of PTF11qcj: (i) A spheri-",48.0,0.4514285714285714,0.5485714285714286,14.0,19.0,0.2711864406779661,0.011299435028248594
                                                   ? Email: Nipuni.Palliyaguru@ttu.edu,51.0,0.38372093023255816,0.6162790697674418,3.0,1.0,0.288135593220339,0.5141242937853108
                                                   2 Instituto de Astrofƒ±ÃÅsica de Andalucƒ±ÃÅa -Consejo Superior        cal SN shock going through a medium with extreme CSM,51.0,0.5588235294117647,0.4411764705882353,18.0,5.0,0.288135593220339,0.039548022598870025
"                                                de Investigaciones Cientƒ±ÃÅficas (CSIC), PO Box 3004, 18008,           density variations, perhaps related to eruptive progenitor",48.0,0.5909090909090909,0.40909090909090906,15.0,6.0,0.2711864406779661,0.005649717514124242
"                                                Granada, Spain.                                                       mass loss; (ii) A radio-emitting SN shock (first peak) fol-",48.0,0.3615819209039548,0.6384180790960452,12.0,28.0,0.2711864406779661,0.0
"                                                   3 Department of Earth and Space Sciences, Chalmers Univer-",51.0,0.45871559633027525,0.5412844036697247,9.0,1.0,0.288135593220339,0.384180790960452
                                                                                                                      lowed by radio emission from an emerging off-axis GRB,118.0,0.2631578947368421,0.736842105263158,9.0,1.0,0.6666666666666666,0.03389830508474578
"                                                sity of Technology, Onsala Space Observatory, 439 92 Onsala,          jet, initially pointed away from our line of sight (second",48.0,0.5738636363636364,0.42613636363636365,19.0,6.0,0.2711864406779661,0.005649717514124242
                                                Sweden.,48.0,0.12727272727272726,0.8727272727272728,1.0,1.0,0.2711864406779661,0.6892655367231638
"                                                   4 Jodrell Bank Centre for Astrophysics, The University of          peak).",51.0,0.4435483870967742,0.5564516129032258,10.0,6.0,0.288135593220339,0.2994350282485876
"                                                Manchester, Oxford Rd, Manchester M13 9PL, UK.                           In Palliyaguru et al. (2019) we have shown that, while",48.0,0.4857142857142857,0.5142857142857142,17.0,14.0,0.2711864406779661,0.011299435028248594
"                                                   5 Department of Physics, University of Bath, Claverton Down,",51.0,0.46846846846846846,0.5315315315315315,9.0,1.0,0.288135593220339,0.3728813559322034
                                                                                                                      modeling of our VLA dataset within scenario (i) can in-,118.0,0.2658959537572254,0.7341040462427746,10.0,1.0,0.6666666666666666,0.02259887005649719
"                                                Bath BA2 7AY, UK",48.0,0.203125,0.796875,4.0,1.0,0.2711864406779661,0.6384180790960452
avr_spaces,55.208955223880594,1.0,0.0,1.0,1.0,0.3119150012648621,0.943502824858757
 2                                                    Palliyaguru et al.,1.0,0.2361111111111111,0.7638888888888888,4.0,27.0,0.005649717514124294,0.5932203389830508
"deed explain the second radio peak, the presence of an",0.0,0.8333333333333334,0.16666666666666663,10.0,1.0,0.0,0.6949152542372881
off‚Äìaxis jet (scenario (ii)) cannot be ruled out just based,0.0,0.847457627118644,0.15254237288135597,10.0,1.0,0.0,0.6666666666666667
"on light curve measurements. However, scenarios (i) and",0.0,0.8727272727272727,0.12727272727272732,8.0,1.0,0.0,0.6892655367231638
(ii) make rather different predictions for the angular size,0.0,0.864406779661017,0.13559322033898302,9.0,1.0,0.0,0.6666666666666667
of the PTF11qcj ejecta at very late times. Motivated by,0.0,0.8363636363636363,0.1636363636363637,10.0,1.0,0.0,0.6892655367231638
"these considerations, here we present Very Long Baseline",0.0,0.875,0.125,8.0,1.0,0.0,0.6836158192090396
Interferometry (VLBI) observations of PTF11qcj aimed,0.0,0.9038461538461539,0.09615384615384615,6.0,1.0,0.0,0.7062146892655368
at setting direct constraints on the size (angular diam-,0.0,0.8571428571428571,0.1428571428571429,9.0,1.0,0.0,0.6836158192090396
eter) of its radio ejecta. These observations ultimately,0.0,0.875,0.125,8.0,1.0,0.0,0.6836158192090396
provide a direct test for the presence of relativistic ex-,0.0,0.8448275862068966,0.15517241379310343,10.0,1.0,0.0,0.672316384180791
"pansion, as expected in the case of an off-axis GRB jet.",0.0,0.8214285714285714,0.1785714285714286,11.0,1.0,0.0,0.6836158192090396
"   Our paper is organized as follows. In Section 2,",3.0,0.7843137254901961,0.21568627450980393,9.0,1.0,0.01694915254237288,0.711864406779661
we present the HSA and eMERLIN observations of,0.0,0.8478260869565217,0.15217391304347827,8.0,1.0,0.0,0.7401129943502824
"PTF11qcj. In Section 3, we discuss these observations",0.0,0.8679245283018868,0.13207547169811318,8.0,1.0,0.0,0.7005649717514124
within the light curve and radio ejecta size predictions of,0.0,0.847457627118644,0.15254237288135597,10.0,1.0,0.0,0.6666666666666667
"the two scenarios mentioned above. Finally, in Section 4",0.0,0.8571428571428571,0.1428571428571429,9.0,1.0,0.0,0.6836158192090396
we summarize our results and conclude.,0.0,0.868421052631579,0.13157894736842102,6.0,1.0,0.0,0.7853107344632768
        2. OBSERVATIONS AND DATA REDUCTION,8.0,0.7142857142857143,0.2857142857142857,5.0,1.0,0.04519774011299435,0.7627118644067796
                   2.1. HSA observations,19.0,0.475,0.525,3.0,1.0,0.10734463276836158,0.7740112994350282
   We observed the field of PTF11qcj at 1.66 GHz (project,3.0,0.7894736842105263,0.21052631578947367,10.0,1.0,0.01694915254237288,0.6779661016949152
"code BP229A, PI: Palliyaguru) and 15.37 GHz (BP229B,",0.0,0.8653846153846154,0.13461538461538458,8.0,1.0,0.0,0.7062146892655368
PI: Palliyaguru) with the High Sensitivity Array (HSA),0.0,0.8703703703703703,0.12962962962962965,8.0,1.0,0.0,0.6949152542372881
on 2018 December 08.37 UTC and 2019 April 28.97,0.0,0.8297872340425532,0.17021276595744683,9.0,1.0,0.0,0.7344632768361582
"UTC. The HSA included, in both bands, the Very Long",0.0,0.8235294117647058,0.17647058823529416,10.0,1.0,0.0,0.711864406779661
"Baseline Array (VLBA, USA) and the Effelsberg 100 m",0.0,0.8431372549019608,0.1568627450980392,9.0,1.0,0.0,0.711864406779661
"antenna (Germany). At 1.66 GHz, we also used the",0.0,0.8333333333333334,0.16666666666666663,9.0,1.0,0.0,0.728813559322034
VLA for improved sensitivity. Both observations cov-,0.0,0.8846153846153846,0.11538461538461542,7.0,1.0,0.0,0.7062146892655368
ered 128 MHz continuum bandwidth and were correlated,0.0,0.8653846153846154,0.13461538461538458,8.0,1.0,0.0,0.7062146892655368
at the National Radio Astronomy Observatory (NRAO),0.0,0.88,0.12,7.0,1.0,0.0,0.7175141242937852
Array Operations Center (AOC) in Socorro (New Mex-,0.0,0.86,0.14,8.0,1.0,0.0,0.7175141242937852
"ico, USA) with averaging times of 2 s and 1 s at 1.66 GHz",0.0,0.7719298245614035,0.22807017543859653,14.0,1.0,0.0,0.6779661016949152
"and 15.37 GHz, respectively. In both observations, we",0.0,0.8679245283018868,0.13207547169811318,8.0,1.0,0.0,0.7005649717514124
"correlated the target data at R.A. 13h 13m 41.5100s , Dec.",0.0,0.8275862068965517,0.1724137931034483,11.0,1.0,0.0,0.672316384180791
+47‚ó¶ 170 57.60000 (J2000; Corsi et al. 2014). In setting up,0.0,0.8305084745762712,0.1694915254237288,11.0,1.0,0.0,0.6666666666666667
"our observations, we used standard phase referencing,",0.0,0.8867924528301887,0.1132075471698113,7.0,1.0,0.0,0.7005649717514124
where scans on target are interleaved with scans on a              Fig. 1.‚Äî VLBI images of PTF11qcj at 1.66 GHz (top) and,0.0,0.7272727272727273,0.2727272727272727,21.0,8.0,0.0,0.3163841807909604
                                                                15.37 GHz (bottom). Note the different scale on the axes.,64.0,0.39669421487603307,0.6033057851239669,10.0,1.0,0.3615819209039548,0.3163841807909604
nearby compact complex gain calibrator with known po-,0.0,0.8679245283018868,0.13207547169811318,8.0,1.0,0.0,0.7005649717514124
"sition. At 1.66 GHz and 15.37 GHz, we used J1310+4653",0.0,0.8301886792452831,0.16981132075471694,10.0,1.0,0.0,0.7005649717514124
                                                                tween the target and the complex gain calibrator.,64.0,0.37168141592920356,0.6283185840707964,8.0,1.0,0.3615819209039548,0.3615819209039548
"and J1358+4737, respectively, as our complex gain cal-",0.0,0.8703703703703703,0.12962962962962965,8.0,1.0,0.0,0.6949152542372881
                                                                  To estimate the source size we fit Gaussian intensity,66.0,0.37815126050420167,0.6218487394957983,9.0,1.0,0.3728813559322034,0.327683615819209
ibrators. The VLBA observations were correlated using,0.0,0.8867924528301887,0.1132075471698113,7.0,1.0,0.0,0.7005649717514124
                                                                distributions to the images. We find that the source ap-,64.0,0.39166666666666666,0.6083333333333334,10.0,1.0,0.3615819209039548,0.3220338983050848
the NRAO‚Äôs implementation of the DiFX software cor-,0.0,0.8627450980392157,0.13725490196078427,8.0,1.0,0.0,0.711864406779661
                                                                pears marginally resolved along the major axis of our,64.0,0.38461538461538464,0.6153846153846154,9.0,1.0,0.3615819209039548,0.3389830508474576
relator (Deller et al. 2011).,0.0,0.8620689655172413,0.13793103448275867,5.0,1.0,0.0,0.8361581920903955
"                                                                15.37 GHz observations, while the minor axis is consis-",64.0,0.3949579831932773,0.6050420168067228,9.0,1.0,0.3615819209039548,0.327683615819209
   We performed all calibration and imaging procedures,3.0,0.8333333333333334,0.16666666666666663,7.0,1.0,0.01694915254237288,0.6949152542372881
                                                                tent with an unresolved source. The deconvolved ma-,64.0,0.3826086956521739,0.6173913043478261,8.0,1.0,0.3615819209039548,0.3502824858757062
using the 31DEC19 release of the Astronomical Image,0.0,0.8627450980392157,0.13725490196078427,8.0,1.0,0.0,0.711864406779661
                                                                jor (minor) FWHM size of the fitted Gaussian model is,64.0,0.37606837606837606,0.6239316239316239,10.0,1.0,0.3615819209039548,0.3389830508474576
Processing System (AIPS; Greisen 2003) and Parsel-,0.0,0.88,0.12,7.0,1.0,0.0,0.7175141242937852
"                                                                300 ¬± 71 ¬µarcsec (76 ¬± 76 ¬µarcsec), with position angle",64.0,0.37815126050420167,0.6218487394957983,11.0,1.0,0.3615819209039548,0.327683615819209
Tongue (Kettenis et al. 2006). PTF11qcj was clearly,0.0,0.8627450980392157,0.13725490196078427,8.0,1.0,0.0,0.711864406779661
                                                                125 ¬± 19 deg (see also Table 1). This corresponds to,64.0,0.3620689655172414,0.6379310344827587,11.0,1.0,0.3615819209039548,0.34463276836158196
"detected at both frequencies. At 1.66 GHz, in particular,",0.0,0.8596491228070176,0.14035087719298245,9.0,1.0,0.0,0.6779661016949152
given the relatively large separation between PTF11qcj          a diameter of (5.2 ¬± 1.2) √ó 1017 cm ((1.3 ¬± 1.3) √ó 1017,0.0,0.7563025210084033,0.24369747899159666,21.0,6.0,0.0,0.327683615819209
and the complex gain calibrator J1358+4737 (‚âà 7.6‚ó¶ ) we         cm). Given the relatively weak radio emission from,0.0,0.7807017543859649,0.2192982456140351,18.0,5.0,0.0,0.35593220338983056
"used self-calibration to correct for the residual phase er-     PTF11qcj, although this results gives us an estimate of",0.0,0.8235294117647058,0.17647058823529416,18.0,3.0,0.0,0.327683615819209
"rors towards PTF11qcj and obtain a reliable flux density        the source size, we refrain from speculation about the",0.0,0.7966101694915254,0.2033898305084746,18.0,5.0,0.0,0.33333333333333337
measurement. The final VLBI images are presented in             non-symmetrical nature of this result. PTF11qcj radio,0.0,0.7777777777777778,0.2222222222222222,15.0,7.0,0.0,0.3389830508474576
Figure 1.                                                       ejecta is not resolved at 1.66 GHz.,0.0,0.37373737373737376,0.6262626262626263,9.0,28.0,0.0,0.44067796610169496
   We fitted Gaussian intensity profiles to the target im-,3.0,0.8103448275862069,0.18965517241379315,9.0,1.0,0.01694915254237288,0.672316384180791
ages to obtain the flux density and position of PTF11qcj                       2.2. eMERLIN observations,0.0,0.6730769230769231,0.32692307692307687,13.0,12.0,0.0,0.4124293785310734
at each frequency. Our results are summarized in Ta-              We observed the field of PTF11qcj at 5.07 GHz and,0.0,0.7304347826086957,0.26956521739130435,19.0,8.0,0.0,0.3502824858757062
ble 1. The reported flux density uncertainties are the          1.51 GHz with all six eMERLIN antennas on 2019 Au-,0.0,0.7631578947368421,0.23684210526315785,19.0,6.0,0.0,0.35593220338983056
quadrature sum of the instrumental calibration uncer-           gust 01.55 UTC and 2019 August 29.47 UTC via our,0.0,0.7678571428571429,0.2321428571428571,17.0,6.0,0.0,0.36723163841807904
tainty plus the uncertainty of the Gaussian fit. At             DDT project DD8011 (PI: Perez-Torres). We used,0.0,0.7545454545454545,0.24545454545454548,16.0,7.0,0.0,0.37853107344632764
"15.37 GHz, we adopt an instrumental uncertainty of 15%.         J1310+4653 as our complex gain calibrator, 1 s integra-",0.0,0.7899159663865546,0.2100840336134454,18.0,5.0,0.0,0.327683615819209
"At 1.66 GHz, we use an uncertainty of 20% to also ac-           tion time, and 512 MHz continuum bandwidth in both",0.0,0.7368421052631579,0.26315789473684215,21.0,6.0,0.0,0.35593220338983056
count for residual errors due to the large separation be-       bands. We used the standard eMERLIN calibrators,0.0,0.8018018018018018,0.19819819819819817,17.0,4.0,0.0,0.3728813559322034
avr_spaces,9.216216216216216,1.0,0.0,1.0,1.0,0.052069018170713084,0.943502824858757
                                                VLBI observations of PTF11qcj                                                  3,48.0,0.2109375,0.7890625,5.0,26.0,0.2711864406779661,0.2768361581920904
                                                             TABLE 1,61.0,0.08823529411764706,0.9117647058823529,2.0,1.0,0.3446327683615819,0.615819209039548
"               HSA results for PTF11qcj (project codes BP229A and BP229B), see Section 2.1 for discussion.",15.0,0.7358490566037735,0.26415094339622647,14.0,1.0,0.0847457627118644,0.4011299435028248
                                                                        1.66 GHz             15.37 GHz,72.0,0.14705882352941177,0.8529411764705882,4.0,7.0,0.4067796610169492,0.423728813559322
                          Observing date (UT)                          2018-12-08            2019-04-28,26.0,0.3592233009708738,0.6407766990291262,5.0,20.0,0.14689265536723164,0.4180790960451978
                          Project code                                   BP229A               BP229B,26.0,0.23,0.77,4.0,25.0,0.14689265536723164,0.4350282485875706
                          Observing time including calibrators (h)           8                    8,26.0,0.3838383838383838,0.6161616161616161,7.0,16.0,0.14689265536723164,0.44067796610169496
                          Image off-source RMS noise (¬µJy/beam)             125                  24,26.0,0.3838383838383838,0.6161616161616161,7.0,16.0,0.14689265536723164,0.44067796610169496
                          CLEAN restoring beam (mas)2                  4.06 √ó 2.66          0.54 √ó 0.24,26.0,0.4077669902912621,0.5922330097087378,10.0,15.0,0.14689265536723164,0.4180790960451978
                          CLEAN beam position angle (deg)                   -29                  -21,26.0,0.33,0.6699999999999999,7.0,19.0,0.14689265536723164,0.4350282485875706
                          Peak flux density (mJy)                      4.32 ¬± 0.92         0.494 ¬± 0.054,26.0,0.38461538461538464,0.6153846153846154,10.0,16.0,0.14689265536723164,0.4124293785310734
                          Integrated flux density (mJy)                  5.8 ¬± 1.4         0.681 ¬± 0.085,26.0,0.4230769230769231,0.5769230769230769,10.0,14.0,0.14689265536723164,0.4124293785310734
                          Right Ascension [J2000]                   13h 13m 41.47512s   13h 13m 41.47490s,26.0,0.4857142857142857,0.5142857142857142,9.0,11.0,0.14689265536723164,0.4067796610169492
                          Declination [J2000]                       +47‚ó¶ 170 56.801700  +47‚ó¶ 170 56.798800,26.0,0.4716981132075472,0.5283018867924528,8.0,13.0,0.14689265536723164,0.4011299435028248
                          Deconvolved fitted major axis                      -           300 ¬± 71 ¬µarcsec,26.0,0.38095238095238093,0.6190476190476191,9.0,17.0,0.14689265536723164,0.4067796610169492
                          Deconvolved fitted minor axis                      -            76 ¬± 76 ¬µarcsec,26.0,0.37142857142857144,0.6285714285714286,9.0,18.0,0.14689265536723164,0.4067796610169492
                          Deconvolved fitted Pos. ang.                       -               125 ¬± 19‚ó¶,26.0,0.3235294117647059,0.6764705882352942,8.0,19.0,0.14689265536723164,0.423728813559322
                                                             TABLE 2,61.0,0.08823529411764706,0.9117647058823529,2.0,1.0,0.3446327683615819,0.615819209039548
"                   eMERLIN results for PTF11qcj (project code DD8011), see Section 2.2 for discussion.",19.0,0.7058823529411765,0.2941176470588235,12.0,1.0,0.10734463276836158,0.423728813559322
                                                                          1.5 GHz            5.07 GHz,74.0,0.12871287128712872,0.8712871287128713,4.0,7.0,0.4180790960451977,0.42937853107344637
                           Observing date (UT)                          2019-08-29          2019-08-01,27.0,0.3627450980392157,0.6372549019607843,5.0,19.0,0.15254237288135594,0.423728813559322
                           Project code                                   DD8011              DD8011,27.0,0.23,0.77,4.0,25.0,0.15254237288135594,0.4350282485875706
                           Observing time including calibrators (h)           6                  5,27.0,0.3877551020408163,0.6122448979591837,7.0,15.0,0.15254237288135594,0.4463276836158192
                           Image off-source RMS noise (¬µJy/beam)             42                  37,27.0,0.37373737373737376,0.6262626262626263,7.0,16.0,0.15254237288135594,0.44067796610169496
                           CLEAN beam (mas2 )                             59 √ó 19            622 √ó 78,27.0,0.25742574257425743,0.7425742574257426,10.0,21.0,0.15254237288135594,0.42937853107344637
                           CLEAN beam position angle (deg)                   40                  42,27.0,0.31313131313131315,0.6868686868686869,7.0,19.0,0.15254237288135594,0.44067796610169496
                           Peak flux density (mJy)                      5.82 ¬± 0.87         4.15 ¬± 0.62,27.0,0.36893203883495146,0.6310679611650485,10.0,16.0,0.15254237288135594,0.4180790960451978
                           Integrated flux density (mJy)                5.78 ¬± 0.87         4.45 ¬± 0.67,27.0,0.42718446601941745,0.5728155339805825,10.0,13.0,0.15254237288135594,0.4180790960451978
                           Right Ascension [J2000]                   13h 13m 41.4745s   13h 13m 41.4746s,27.0,0.47115384615384615,0.5288461538461539,9.0,11.0,0.15254237288135594,0.4124293785310734
                           Declination [J2000]                       +47‚ó¶ 170 56.79500  +47‚ó¶ 170 56.80000,27.0,0.45714285714285713,0.5428571428571429,8.0,13.0,0.15254237288135594,0.4067796610169492
3C286 and OQ208 for flux density calibration and band-                 Similarly to what done in Corsi et al. (2016) and Pal-,0.0,0.72,0.28,20.0,9.0,0.0,0.29378531073446323
"pass calibration, respectively.                                     liyaguru et al. (2019), we can model the radio emission of",0.0,0.6111111111111112,0.38888888888888884,14.0,19.0,0.0,0.288135593220339
   We calibrated and edited the correlated data using the           PTF11qcj in the SSA scenario (Soderberg et al. 2005).,3.0,0.7520661157024794,0.2479338842975206,18.0,6.0,0.01694915254237288,0.3163841807909604
"eMERLIN CASA pipeline version 1.1.11 (Moldon 2018).                 As described in Soderberg et al. (2005), the temporal",0.0,0.743801652892562,0.25619834710743805,16.0,9.0,0.0,0.3163841807909604
"We applied self-calibration in both bands to correct for            evolution of the shock radius, r, minimum Lorentz fac-",0.0,0.7704918032786885,0.2295081967213115,18.0,7.0,0.0,0.3107344632768362
"significant residual phase errors and minor amplitude er-           tor, Œ≥m , and magnetic field, B, are parameterized as:",0.0,0.7786885245901639,0.2213114754098361,18.0,6.0,0.0,0.3107344632768362
rors. We used WSClean (Offringa et al. 2014) to decon-                                                         Œ±,0.0,0.42105263157894735,0.5789473684210527,12.0,29.0,0.0,0.35593220338983056
volve the calibrated data and produce the final images.                                                  t ‚àí te r,0.0,0.46017699115044247,0.5398230088495575,13.0,26.0,0.0,0.3615819209039548
"                                                                                             r = r0                  ,      (1)",93.0,0.06299212598425197,0.937007874015748,5.0,13.0,0.5254237288135594,0.28248587570621464
PTF11qcj is clearly detected in both bands.                                                                 t0,0.0,0.35454545454545455,0.6454545454545455,8.0,33.0,0.0,0.37853107344632764
"   We report in Table 2 the peak and total flux densities,                                           ",3.0,0.45098039215686275,0.5490196078431373,12.0,22.0,0.01694915254237288,0.423728813559322
                                                                                                        t ‚àí te B,104.0,0.044642857142857144,0.9553571428571429,4.0,1.0,0.5875706214689266,0.36723163841807904
                                                                                                                Œ±,112.0,0.017543859649122806,0.9824561403508771,1.0,1.0,0.632768361581921,0.35593220338983056
"along with the position of PTF11qcj, at each frequency,                                   B = B0                     ,      (2)",0.0,0.4330708661417323,0.5669291338582677,14.0,31.0,0.0,0.28248587570621464
calculated by fitting Gaussian intensity profiles to the im-                                               t0,0.0,0.4954128440366973,0.5045871559633027,10.0,24.0,0.0,0.384180790960452
                                                                                                               Œ±,102.0,0.02631578947368421,0.9736842105263158,2.0,5.0,0.576271186440678,0.35593220338983056
ages. The quoted flux density uncertainties correspond                                                   t ‚àí te Œ≥,0.0,0.4690265486725664,0.5309734513274336,11.0,26.0,0.0,0.3615819209039548
"to the sum in quadrature of the systematic, i.e., instru-                              Œ≥m = Œ≥m,0                      ,     (3)",0.0,0.4645669291338583,0.5354330708661417,15.0,29.0,0.0,0.28248587570621464
                                                                                                            t0,108.0,0.01818181818181818,0.9818181818181818,1.0,1.0,0.6101694915254238,0.37853107344632764
mental uncertainty (15%) and the image off-source RMS,0.0,0.8679245283018868,0.13207547169811318,8.0,1.0,0.0,0.7005649717514124
"noise.                                                              with Œ±r , Œ±B and Œ±Œ≥ the temporal indices of the three",0.0,0.39669421487603307,0.6033057851239669,13.0,32.0,0.0,0.3163841807909604
"                                                                    quantities respectively, te the explosion time, and t0 an",68.0,0.392,0.608,9.0,1.0,0.384180790960452,0.29378531073446323
                       3. MODELING,23.0,0.29411764705882354,0.7058823529411764,2.0,1.0,0.12994350282485875,0.807909604519774
"                                                                    arbitrary reference epoch since explosion, here set to 10 d.",68.0,0.3984375,0.6015625,10.0,1.0,0.384180790960452,0.2768361581920904
"   The complete radio light curves of PTF11qcj are shown            Within the standard assumptions, one has (see Equations",3.0,0.7560975609756098,0.24390243902439024,17.0,7.0,0.01694915254237288,0.30508474576271183
in Figure 2. These include the latest flux measurements             (9)-(10) in Soderberg et al. 2005):,0.0,0.7475728155339806,0.2524271844660194,15.0,7.0,0.0,0.4180790960451978
(integrated fluxes from Tables 1 and 2) along with data,0.0,0.8363636363636363,0.1636363636363637,10.0,1.0,0.0,0.6892655367231638
"published in Corsi et al. (2016) and Palliyaguru et al.                                         Œ±Œ≥ = 2(Œ±r ‚àí 1),             (4)",0.0,0.47244094488188976,0.5275590551181102,16.0,27.0,0.0,0.28248587570621464
"(2019). Hereafter, we discuss the possible interpretation                                          (2 ‚àí s)",0.0,0.5283018867924528,0.4716981132075472,10.0,22.0,0.0,0.4011299435028248
of these light curves within the the standard synchrotron                                Œ±B =                Œ±r ‚àí 1.        (5),0.0,0.47244094488188976,0.5275590551181102,15.0,29.0,0.0,0.28248587570621464
                                                                                                      2,102.0,0.009708737864077669,0.9902912621359223,1.0,1.0,0.576271186440678,0.4180790960451978
self-absorption (SSA) scenario for radio SNe (see Soder-,0.0,0.875,0.125,8.0,1.0,0.0,0.6836158192090396
"berg et al. 2005, and references therein). We also consider         Here, s describes the density profile of the shocked CSM",0.0,0.782258064516129,0.217741935483871,20.0,5.0,0.0,0.2994350282485876
an alternative interpretation within an SSA (first radio            where the density of the radiating electrons within the,0.0,0.7804878048780488,0.2195121951219512,17.0,7.0,0.0,0.30508474576271183
light curve peak) plus off-axis GRB (second radio light             shocked CSM is given by (Chevalier 1982),0.0,0.75,0.25,16.0,7.0,0.0,0.38983050847457623
"curve peak) scenario. Finally, we discuss the direct size                                        Œ±",0.0,0.52,0.48,11.0,21.0,0.0,0.4350282485875706
"                                                                                         t ‚àí te ne,0",89.0,0.08,0.92,4.0,1.0,0.5028248587570622,0.4350282485875706
"constraints obtained via our VLBI observations in the                       ne = ne,0                      ‚àù r‚àís .          (6)",0.0,0.48031496062992124,0.5196850393700787,15.0,28.0,0.0,0.28248587570621464
context of both these scenarios.                                                            t0,0.0,0.3191489361702128,0.6808510638297872,6.0,31.0,0.0,0.4689265536723164
        3.1. Light curves within the SSA scenario,8.0,0.7142857142857143,0.2857142857142857,7.0,1.0,0.04519774011299435,0.7231638418079096
                                                                    The above relations follow from assuming that the energy,68.0,0.3870967741935484,0.6129032258064516,9.0,1.0,0.384180790960452,0.2994350282485876
                                                                    density of shocked particles (protons and electrons) and,68.0,0.3951612903225806,0.6048387096774194,8.0,1.0,0.384180790960452,0.2994350282485876
avr_spaces,27.12328767123288,1.0,0.0,1.0,1.0,0.15323891339679593,0.943502824858757
 4                                                          Palliyaguru et al.,1.0,0.21794871794871795,0.782051282051282,4.0,30.0,0.005649717514124294,0.5593220338983051
"  Fig. 2.‚Äî Radio light curves of PTF11qcj obtained with the VLA, HSA and eMERLIN at six different frequencies. The latest HSA",2.0,0.824,0.17600000000000005,21.0,1.0,0.011299435028248588,0.29378531073446323
and eMERLIN data are shown by triangles. The first radio peak is modeled within a standard SSA model as described in Corsi et al.,0.0,0.8217054263565892,0.17829457364341084,24.0,1.0,0.0,0.27118644067796616
(2014) (Model 0 in Table 3; solid curves). The re-brightening phase is modeled in two different scenarios: (i) within the standard SSA,0.0,0.8432835820895522,0.15671641791044777,22.0,1.0,0.0,0.24293785310734461
"model (dotted curves; Model 3 in Table 3) and (ii) within an off-axis afterglow model (long‚Äìdashed, blue curves; see Section 3.2). The",0.0,0.8432835820895522,0.15671641791044777,22.0,1.0,0.0,0.24293785310734461
sum of the best fit CSM model in the first peak and off-axis jet emission from the second peak is also shown (dot‚Äìdashed curve). The,0.0,0.8181818181818182,0.18181818181818177,25.0,1.0,0.0,0.2542372881355932
dash-dot-dot-dotted line in the bottom right panel shows the effects of synchrotron cooling within the SSA scenario as discussed in Section,0.0,0.8561151079136691,0.14388489208633093,21.0,1.0,0.0,0.21468926553672318
3.1. The measurement of the shock size from HSA data rules out the off‚Äìaxis jet scenario.,0.0,0.8314606741573034,0.1685393258426966,16.0,1.0,0.0,0.4971751412429378
                                                                TABLE 3,64.0,0.08450704225352113,0.9154929577464789,2.0,1.0,0.3615819209039548,0.5988700564971752
                            Best fit parameters for the standard SSA model described in Section 3.1.,28.0,0.61,0.39,12.0,1.0,0.15819209039548024,0.4350282485875706
                         Parameter        Model 0        Model 1              Model 2            Model 3,25.0,0.3173076923076923,0.6826923076923077,9.0,22.0,0.14124293785310735,0.4124293785310734
                         r0 (cm)          1.1√ó1016       1.1√ó1016 (fixed)     1.1√ó1016 (fixed)   1.1√ó1016 (fixed),25.0,0.5221238938053098,0.47787610619469023,9.0,12.0,0.14124293785310735,0.3615819209039548
                         Œæ                0.23           0.19                 0.19               0.34,25.0,0.16831683168316833,0.8316831683168316,5.0,29.0,0.14124293785310735,0.42937853107344637
                         Œ±r               0.79           0.79 (fixed)         0.79 (fixed)       0.61,25.0,0.31683168316831684,0.6831683168316831,7.0,20.0,0.14124293785310735,0.42937853107344637
                         te               55842 (fixed)  55842 (fixed)        55842 (fixed)      55842 (fixed),25.0,0.45454545454545453,0.5454545454545454,9.0,16.0,0.14124293785310735,0.37853107344632764
                         s                2.0 (fixed)    1.4                  1.1                0.0 (fixed),25.0,0.25,0.75,7.0,28.0,0.14124293785310735,0.38983050847457623
                         B0 (G)           6.7            5.8                  3.2                1.35,25.0,0.1782178217821782,0.8217821782178218,6.0,29.0,0.14124293785310735,0.42937853107344637
                         p                3.0 (fixed)    3.0 (fixed)          3.0 (fixed)        3.0 (fixed),25.0,0.37962962962962965,0.6203703703703703,9.0,20.0,0.14124293785310735,0.38983050847457623
                         Œ±B               -1.0           -0.76                -0.64              -0.39,25.0,0.20588235294117646,0.7941176470588236,5.0,28.0,0.14124293785310735,0.423728813559322
"                         Œ≥m,0             7.3            7.8                  10.5               28.1",25.0,0.1782178217821782,0.8217821782178218,5.0,29.0,0.14124293785310735,0.42937853107344637
                         Œ±Œ≥               -0.4           -0.4                 -0.4               -0.8,25.0,0.1782178217821782,0.8217821782178218,5.0,28.0,0.14124293785310735,0.42937853107344637
"                         ne,0 (cm‚àí3 )     1.5 √ó 105      1.0 √ó 105            2.4 √ó 104          1.6 √ó 103",25.0,0.3584905660377358,0.6415094339622642,15.0,17.0,0.14124293785310735,0.4011299435028248
                         Œ± ne             -1.6           -1.1                 1-0.88             0.0,25.0,0.2,0.8,6.0,26.0,0.14124293785310735,0.4350282485875706
                         MÃá0 (M yr‚àí1 )    1.2 √ó 10‚àí4     8.4 √ó 10‚àí5           1.9 √ó 10‚àí5         6.4 √ó 10‚àí6,25.0,0.3925233644859813,0.6074766355140186,16.0,14.0,0.14124293785310735,0.3954802259887006
                         Œ±MÃá              0.0            0.48                 0.71               1.2,25.0,0.17,0.83,5.0,29.0,0.14124293785310735,0.4350282485875706
                         œá2 /dof          1793/90        1288/39              602/38             211/38,25.0,0.3106796116504854,0.6893203883495146,6.0,23.0,0.14124293785310735,0.4180790960451978
avr_spaces,18.33333333333333,1.0,0.0,1.0,1.0,0.10357815442561202,0.943502824858757
                                                   VLBI observations of PTF11qcj                                                     5,51.0,0.20149253731343283,0.7985074626865671,5.0,27.0,0.288135593220339,0.24293785310734461
amplified magnetic fields are a constant fraction (e ‚âà                CSM of variable density. Our results are shown in Fig-,0.0,0.736,0.264,19.0,9.0,0.0,0.29378531073446323
"B ‚âà 0.33 under the hypothesis of equipartition) of the                ure 2, and are reported in Table 3. Model 0 in Table 3 is",0.0,0.703125,0.296875,24.0,9.0,0.0,0.2768361581920904
"post-shock energy density U ‚àù ne v 2 , where:                          the best fit SSA model for the first peak (t . 215 days",0.0,0.626984126984127,0.373015873015873,23.0,14.0,0.0,0.288135593220339
                         Œ± ‚àí1                                        since explosion) as reported in Corsi et al. (2016). The,16.0,0.4094488188976378,0.5905511811023623,13.0,25.0,0.0903954802259887,0.28248587570621464
"                  t ‚àí te r                                             last is obtained by setting te = 55842, p = 3 (as typically",18.0,0.4,0.6,17.0,23.0,0.1016949152542373,0.2655367231638418
"       v = v0                    ,                               (7)   expected for Type Ib/c SNe; see Chevalier & Fransson",7.0,0.42276422764227645,0.5772357723577235,14.0,27.0,0.03954802259887006,0.30508474576271183
                     t0,21.0,0.08695652173913043,0.9130434782608696,1.0,1.0,0.11864406779661017,0.8700564971751412
"                                                                       2006), Œ∑ = 10, ŒΩm,0 = 1 GHz, and varying r0 , Œæ, Œ±r , s,",71.0,0.3228346456692913,0.6771653543307087,16.0,1.0,0.4011299435028249,0.28248587570621464
is the shock speed. The density of electrons in the                    and B0 . Model 0 is also plotted in Figure 2 (solid line).,0.0,0.6821705426356589,0.3178294573643411,23.0,11.0,0.0,0.27118644067796616
shocked CSM is related to the progenitor mass-loss rate                Model 1 is a fit to the second radio peak (t & 587 days,0.0,0.7063492063492064,0.2936507936507936,23.0,9.0,0.0,0.288135593220339
via the relation (see Equation (13) in Soderberg et al.                since explosion) where we keep r0 and Œ±r fixed to their,0.0,0.7222222222222222,0.2777777777777778,21.0,9.0,0.0,0.288135593220339
2005):                                                                 best fit values for the first peak so as to ensure a smooth,0.0,0.4076923076923077,0.5923076923076923,14.0,33.0,0.0,0.2655367231638418
                                                                       radial evolution between the first and second radio light,71.0,0.3828125,0.6171875,9.0,1.0,0.4011299435028249,0.2768361581920904
"                                  Œ±r (2‚àís)                  Œ±MÃá    curve peaks, and allow Œæ, s, and B0 to vary. This fit is",26.0,0.4566929133858268,0.5433070866141732,18.0,16.0,0.14689265536723164,0.28248587570621464
        8œÄ                  t ‚àí te                    t ‚àí te,8.0,0.16666666666666666,0.8333333333333334,7.0,20.0,0.04519774011299435,0.6610169491525424
"MÃá =       ne,0 mp r02 vw                    = MÃá0                   , similar to the one reported in Palliyaguru et al. (2019)",0.0,0.5196850393700787,0.4803149606299213,19.0,23.0,0.0,0.28248587570621464
         Œ∑                    t0                         t0,9.0,0.0847457627118644,0.9152542372881356,3.0,23.0,0.05084745762711865,0.6666666666666667
                                                                       but updated to include the eMERLIN and HSA data,71.0,0.3305084745762712,0.6694915254237288,9.0,1.0,0.4011299435028249,0.33333333333333337
                                                                 (8)   presented here.,65.0,0.19767441860465115,0.8023255813953488,3.0,2.0,0.3672316384180791,0.5141242937853108
"                                                                         Compared to Palliyaguru et al. (2019), the reduced œá2",73.0,0.35714285714285715,0.6428571428571428,9.0,1.0,0.4124293785310734,0.288135593220339
"where we have assumed a nucleon-to-proton ratio of 2,",0.0,0.8490566037735849,0.15094339622641506,9.0,1.0,0.0,0.7005649717514124
"                                                                       for Model 1 is substantially higher, indicating a worsen-",71.0,0.3828125,0.6171875,9.0,1.0,0.4011299435028249,0.2768361581920904
"vw ‚àº 1000 km/s is the velocity of the stellar wind, and",0.0,0.8,0.19999999999999996,12.0,1.0,0.0,0.6892655367231638
                                                                       ing of the goodness of fit. Model 2 is a fit with a model,71.0,0.34375,0.65625,14.0,1.0,0.4011299435028249,0.2768361581920904
where Œ∑ (typically in the range Œ∑ ‚àº 2 ‚àí 10) characterizes,0.0,0.8070175438596491,0.19298245614035092,12.0,1.0,0.0,0.6779661016949152
                                                                       identical to Model 1 but where the 15 GHz HSA data,71.0,0.3305785123966942,0.6694214876033058,11.0,1.0,0.4011299435028249,0.3163841807909604
the thickness of the radiating electron shell as r/Œ∑.,0.0,0.8490566037735849,0.15094339622641506,9.0,1.0,0.0,0.7005649717514124
                                                                       has been excluded. The improved œá2 value for Model 2,71.0,0.34959349593495936,0.6504065040650406,10.0,1.0,0.4011299435028249,0.30508474576271183
"   In the GHz radio band, the observing frequencies ŒΩ are",3.0,0.7894736842105263,0.21052631578947367,10.0,1.0,0.01694915254237288,0.6779661016949152
                                                                       compared to Model 1 indicates a significant discrepancy,71.0,0.38095238095238093,0.6190476190476191,8.0,1.0,0.4011299435028249,0.288135593220339
"typically such that ŒΩm << ŒΩ, where (see Equation (A6)",0.0,0.8301886792452831,0.16981132075471694,10.0,1.0,0.0,0.7005649717514124
"                                                                       between data and model at the highest radio frequencies,",71.0,0.3779527559055118,0.6220472440944882,9.0,1.0,0.4011299435028249,0.28248587570621464
in Soderberg et al. 2005):,0.0,0.8461538461538461,0.15384615384615385,5.0,1.0,0.0,0.8531073446327684
                                                                       suggesting a steepening in the highest frequency light,71.0,0.376,0.624,8.0,1.0,0.4011299435028249,0.29378531073446323
                   ,19.0,0.05,0.95,1.0,1.0,0.10734463276836158,0.8870056497175142
                        eB,24.0,0.07692307692307693,0.9230769230769231,1.0,1.0,0.13559322033898305,0.8531073446327684
                                                                      curve which may be caused by the passage of the cool-,30.0,0.3548387096774194,0.6451612903225806,12.0,21.0,0.1694915254237288,0.2994350282485876
                2,16.0,0.058823529411764705,0.9411764705882353,1.0,1.0,0.0903954802259887,0.903954802259887
"       ŒΩm = Œ≥m                                                   (9)   ing frequency in band. Indeed, the effects of synchrotron",7.0,0.4453125,0.5546875,13.0,27.0,0.03954802259887006,0.2768361581920904
                      2œÄme c                                           cooling may become important at the late timescales con-,22.0,0.41732283464566927,0.5826771653543308,11.0,22.0,0.12429378531073447,0.28248587570621464
"is the characteristic synchrotron frequency of electrons               sidered here. Within the SSA scenario, the synchrotron",0.0,0.776,0.22399999999999998,15.0,8.0,0.0,0.29378531073446323
"with Lorentz factor Œ≥m . In the above Equation, me is                  cooling frequency can be written as (see Equation (A16)",0.0,0.7142857142857143,0.2857142857142857,20.0,10.0,0.0,0.288135593220339
"the electron mass, and c is the speed of light. In this                in Soderberg et al. 2005):",0.0,0.6804123711340206,0.31958762886597936,17.0,9.0,0.0,0.45197740112994356
"frequency range, assuming the synchrotron cooling fre-                                  18œÄ me c e",0.0,0.5612244897959183,0.4387755102040817,11.0,18.0,0.0,0.4463276836158192
"quency is higher than the observing frequency, and ne-                        ŒΩc =                      ,                         (12)",0.0,0.40298507462686567,0.5970149253731343,13.0,36.0,0.0,0.24293785310734461
"glecting synchrotron cooling effects, the SSA emission                               (t ‚àí te )2 œÉT2 B 3",0.0,0.5825242718446602,0.41747572815533984,14.0,16.0,0.0,0.4180790960451978
from the shocked electrons reads:                                      where œÉT is the Thomson cross-section and e is the elec-,0.0,0.5905511811023622,0.40944881889763785,16.0,20.0,0.0,0.28248587570621464
              ,14.0,0.06666666666666667,0.9333333333333333,1.0,1.0,0.07909604519774012,0.9152542372881356
                 t ‚àí te,17.0,0.17391304347826086,0.8260869565217391,3.0,1.0,0.096045197740113,0.8700564971751412
                        (4Œ±r ‚àíŒ±B )/2,24.0,0.2972972972972973,0.7027027027027026,3.0,1.0,0.13559322033898305,0.7909604519774012
                                              Œæ,46.0,0.02127659574468085,0.9787234042553191,1.0,1.0,0.2598870056497175,0.7344632768361582
                                                                       tron charge (Rybicki & Lightman 1986; Soderberg et al.,71.0,0.368,0.632,9.0,1.0,0.4011299435028249,0.29378531073446323
"  fŒΩ (t) = F                           (1‚àíe‚àíœÑŒΩ (t) )1/Œæ ŒΩ 5/2 , (10)   2005). For ŒΩ > ŒΩc , the flux density becomes (Soderberg",2.0,0.5952380952380952,0.40476190476190477,22.0,15.0,0.011299435028248588,0.288135593220339
                    t0                                                 et al. 2005):,20.0,0.15476190476190477,0.8452380952380952,4.0,25.0,0.11299435028248588,0.5254237288135593
where F is a normalization constant that depends on the                      fŒΩ (t) ‚àù ŒΩ ‚àíp/2 t(6Œ±r +(8‚àí5p)Œ±B +2(p‚àí2)Œ±Œ≥ ‚àí4p+2)/2 . (13),0.0,0.6940298507462687,0.30597014925373134,21.0,12.0,0.0,0.24293785310734461
"parameters (r0 , B0 , p) with p the power-law index of the",0.0,0.7931034482758621,0.2068965517241379,13.0,1.0,0.0,0.672316384180791
electron energy distribution (see Equations (A11)7 and                 Model 1 in Table 3 predicts ŒΩc ‚âà 50 GHz at t ‚àí te ‚âà,0.0,0.6967213114754098,0.30327868852459017,22.0,9.0,0.0,0.3107344632768362
"(A13) in Soderberg et al. 2005), and where the optical                 7.5 yrs, which is above the highest frequency of our ob-",0.0,0.7165354330708661,0.2834645669291339,21.0,9.0,0.0,0.28248587570621464
"depth œÑ is given by (see Equations (20) and (A14) in                   servations, resulting in large residuals with the HSA data",0.0,0.7131782945736435,0.28682170542635654,20.0,10.0,0.0,0.27118644067796616
"Chevalier & Fransson 2003; Soderberg et al. 2005, re-                  point. Thus, in Table 3 we also report the results of",0.0,0.7096774193548387,0.29032258064516125,20.0,10.0,0.0,0.2994350282485876
"spectively):                                                           a fit where we set te = 55842, p = 3, s = 0, Œ∑ = 2,",0.0,0.38524590163934425,0.6147540983606558,18.0,30.0,0.0,0.3107344632768362
"                      (p‚àí2)Œ±Œ≥ +(3+p/2)Œ±B +Œ±r                         ŒΩm,0 = 3 GHz, r0 = 1.1 √ó 1016 cm, but allow Œ±r , B0 ,",12.0,0.4838709677419355,0.5161290322580645,20.0,18.0,0.06779661016949153,0.2994350282485876
"              t ‚àí te                                                   and Œæ to vary (Model 3). As shown in Figure 3, with",14.0,0.36065573770491804,0.639344262295082,15.0,26.0,0.07909604519774012,0.3107344632768362
" œÑ (t) = T                                      ŒΩ ‚àí(p+4)/2 , (11)      this choice the cooling frequency falls below 16 GHz at",1.0,0.5238095238095238,0.47619047619047616,18.0,23.0,0.005649717514124294,0.288135593220339
                 t0,17.0,0.10526315789473684,0.8947368421052632,1.0,1.0,0.096045197740113,0.8926553672316384
"                                                                       t ‚àí te ‚âà 1345 d (‚âà 3.6 yrs since explosion), thus causing",71.0,0.3515625,0.6484375,13.0,1.0,0.4011299435028249,0.2768361581920904
with T a normalization constant that depends on the pa-                a steeping of the light curve at this frequency. In Fig-,0.0,0.7244094488188977,0.2755905511811023,21.0,9.0,0.0,0.28248587570621464
"rameters (r0 , B0 , p, Œ≥m,0 , Œ∑). We note that for ŒΩm << ŒΩ,            ure 2 we plot Model 3 with dotted lines, and the expected",0.0,0.703125,0.296875,28.0,7.0,0.0,0.2768361581920904
"the value of Œ≥m,0 is left largely unconstrained by the ob-             steeping (fŒΩ (t) ‚àù t‚àí2.6 according to Equation (13)) of",0.0,0.746031746031746,0.25396825396825395,21.0,7.0,0.0,0.288135593220339
"servations, and thus typically fixed so that ŒΩm,0 ‚àº 1 GHz.             the 16 GHz light curve due to synchrotron cooling with a",0.0,0.7401574803149606,0.25984251968503935,22.0,7.0,0.0,0.28248587570621464
"In addition, the thickness of the shell is typically set to            dash-dot-dot-dotted line. Model 3 substantially improves",0.0,0.7874015748031497,0.21259842519685035,17.0,7.0,0.0,0.28248587570621464
"a value Œ∑ > 1 (Li & Chevalier 1999). Thus, for a given                 the goodness of fit for the second radio peak compared",0.0,0.696,0.30400000000000005,23.0,9.0,0.0,0.29378531073446323
"choice of Œ∑ and ŒΩm , the SSA model is a function of the                to Models 1 and 2.",0.0,0.6292134831460674,0.3707865168539326,19.0,9.0,0.0,0.4971751412429378
"parameters (r0 , Œæ, Œ±r , te , s, B0 , p).                                In summary, while the SSA fits described in this Sec-",0.0,0.5873015873015873,0.4126984126984127,22.0,17.0,0.0,0.288135593220339
"   Within the SSA scenario, and with the data collected                tion have large limitations due to the simplifications that",3.0,0.7307692307692307,0.2692307692307693,18.0,9.0,0.01694915254237288,0.2655367231638418
"here, we can further test the hypothesis first presented               characterize the SSA model, overall they are indicative",0.0,0.7619047619047619,0.23809523809523814,17.0,8.0,0.0,0.288135593220339
in Palliyaguru et al. (2019) that the double-peaked radio              of the fact that (i) a non-constant CSM profile is needed,0.0,0.75,0.25,20.0,8.0,0.0,0.2768361581920904
"light curve of PTF11qcj is due to strong interaction with              to explain the PTF11qcj radio light curves, and (ii) syn-",0.0,0.75,0.25,20.0,8.0,0.0,0.2768361581920904
                                                                       chrotron cooling may be playing a role at late times. We,71.0,0.36220472440944884,0.6377952755905512,11.0,1.0,0.4011299435028249,0.28248587570621464
   7 The functions defined in (A11) are not time‚Äìdependent and,3.0,0.8064516129032258,0.19354838709677424,10.0,1.0,0.01694915254237288,0.6497175141242938
                                                                       also note that in Model 3 a flat (s = 0) radial profile,71.0,0.3412698412698413,0.6587301587301587,13.0,1.0,0.4011299435028249,0.288135593220339
therefore included in the normalization constant                       of the environment (ISM-like) is favored (see Chevalier,0.0,0.7222222222222222,0.2777777777777778,14.0,12.0,0.0,0.288135593220339
avr_spaces,18.83333333333333,1.0,0.0,1.0,1.0,0.10640301318267417,0.943502824858757
 6                                                           Palliyaguru et al.,1.0,0.21518987341772153,0.7848101265822784,4.0,30.0,0.005649717514124294,0.5536723163841808
"                                                                       ronment, considering the new HSA and eMERLIN data",71.0,0.35,0.65,8.0,1.0,0.4011299435028249,0.3220338983050848
"                                                                       points. Within this scenario, the first radio peak is the",71.0,0.375,0.625,10.0,1.0,0.4011299435028249,0.2768361581920904
                                                                       radio emission from the SN ejecta while the second ra-,71.0,0.36,0.64,10.0,1.0,0.4011299435028249,0.29378531073446323
                                                                       dio peak is due to the delayed emission from an initially,71.0,0.3671875,0.6328125,11.0,1.0,0.4011299435028249,0.2768361581920904
                                                                       off-axis jets that enters our line of sight after spread-,71.0,0.375,0.625,10.0,1.0,0.4011299435028249,0.2768361581920904
                                                                       ing and decelerating. These two-dimensional hydrody-,71.0,0.3821138211382114,0.6178861788617886,6.0,1.0,0.4011299435028249,0.30508474576271183
                                                                       namic simulations of the GRB jets take into account the,71.0,0.36507936507936506,0.6349206349206349,10.0,1.0,0.4011299435028249,0.288135593220339
                                                                       Blandford-Mckee solution (Blandford & McKee 1976) in,71.0,0.37398373983739835,0.6260162601626016,7.0,1.0,0.4011299435028249,0.30508474576271183
"                                                                       the relativistic regime, the Sedov-von Neumann‚ÄìTaylor",71.0,0.3870967741935484,0.6129032258064516,6.0,1.0,0.4011299435028249,0.2994350282485876
                                                                       (SNT) solution (Taylor 1950) in the late non-relativistic,71.0,0.390625,0.609375,8.0,1.0,0.4011299435028249,0.2768361581920904
"                                                                       regime, and a transition in between regimes (Zhang &",71.0,0.35772357723577236,0.6422764227642277,9.0,1.0,0.4011299435028249,0.30508474576271183
                                                                       MacFadyen 2009).,71.0,0.1724137931034483,0.8275862068965517,2.0,1.0,0.4011299435028249,0.5084745762711864
                                                                          In Table 4 we report the best fit results for the isotropic,74.0,0.3609022556390977,0.6390977443609023,12.0,1.0,0.4180790960451977,0.24858757062146897
"                                                                       equivalent kinetic energy of the explosion Eiso , the jet",71.0,0.375,0.625,10.0,1.0,0.4011299435028249,0.2768361581920904
"                                                                       half-opening angle, Œ∏0 , ISM density nISM , and the ob-",71.0,0.35714285714285715,0.6428571428571428,11.0,1.0,0.4011299435028249,0.288135593220339
"                                                                       server angle, Œ∏obs , when the latest four data points from",71.0,0.37209302325581395,0.627906976744186,11.0,1.0,0.4011299435028249,0.27118644067796616
"                                                                       HSA and eMERLIN, as well as the Chandra X-ray data",71.0,0.33884297520661155,0.6611570247933884,10.0,1.0,0.4011299435028249,0.3163841807909604
"                                                                       point reported in Palliyaguru et al. (2019), are added",71.0,0.368,0.632,9.0,1.0,0.4011299435028249,0.29378531073446323
  Fig. 3.‚Äî Cooling frequency vs time during phase 2. The horizon-      to the fit. These fits also assume equipartition of en-,2.0,0.7857142857142857,0.2142857142857143,21.0,4.0,0.011299435028248588,0.288135593220339
"tal dotted lines mark the observation frequencies of 2.5 GHz, 13.5     ergy between particles and magnetic fields such that",0.0,0.8211382113821138,0.17886178861788615,19.0,3.0,0.0,0.30508474576271183
"GHz and 16 GHz. For Œ±r = 0.61, ŒΩm,0 = 3 GHz and Œ∑ = 2 (Model           e = B = 0.33. We set the electron energy index,",0.0,0.6916666666666667,0.30833333333333335,28.0,6.0,0.0,0.3220338983050848
"3), ŒΩc (solid line) crosses 16 GHz at ‚àº 1345 days since explosion.",0.0,0.8181818181818182,0.18181818181818177,13.0,1.0,0.0,0.6271186440677966
"                                                                       p = 2.5, which is typical for GRB afterglows, as expected",71.0,0.3671875,0.6328125,11.0,1.0,0.4011299435028249,0.2768361581920904
                                                                       from theoretical considerations (Kirk et al. 2000; Achter-,71.0,0.3953488372093023,0.6046511627906976,8.0,1.0,0.4011299435028249,0.27118644067796616
                                                                       berg et al. 2001). The best fit off-axis jet light curves are,71.0,0.3787878787878788,0.6212121212121212,12.0,1.0,0.4011299435028249,0.2542372881355932
"                                                                       shown in Figure 2 (light blue, long-dashed lines).",71.0,0.35537190082644626,0.6446280991735538,8.0,1.0,0.4011299435028249,0.3163841807909604
                                                                        3.3. Size constraints: CSM-interacting vs off-axis GRB,72.0,0.38095238095238093,0.6190476190476191,7.0,1.0,0.4067796610169492,0.288135593220339
                                                                                                   scenario,99.0,0.07476635514018691,0.9252336448598131,1.0,1.0,0.559322033898305,0.3954802259887006
"                                                                          Within the SSA scenario, Models 0, 1, and 2 described",74.0,0.3464566929133858,0.6535433070866141,10.0,1.0,0.4180790960451977,0.28248587570621464
                                                                       in Section 3.1 all imply a shock radius around the time,71.0,0.35714285714285715,0.6428571428571428,11.0,1.0,0.4011299435028249,0.288135593220339
                                                                       of the 16 GHz HSA observation (2759 days post explo-,71.0,0.34959349593495936,0.6504065040650406,10.0,1.0,0.4011299435028249,0.30508474576271183
                                                                       sion) of r ‚àº 1018 cm. This in turn corresponds to an,71.0,0.3333333333333333,0.6666666666666667,12.0,1.0,0.4011299435028249,0.30508474576271183
                                                                       angular diameter of ‚àº 1 mas at the redshift z = 0.028,71.0,0.3387096774193548,0.6612903225806452,12.0,1.0,0.4011299435028249,0.2994350282485876
"                                                                       of PTF11qcj, larger than the size constraints set by our",71.0,0.3700787401574803,0.6299212598425197,10.0,1.0,0.4011299435028249,0.28248587570621464
"                                                                       HSA observations (see Table 1). On the other hand,",71.0,0.34710743801652894,0.6528925619834711,9.0,1.0,0.4011299435028249,0.3163841807909604
                                                                       Model 3 gives r ‚âà 3 √ó 1017 cm at 2759 days post ex-,71.0,0.3114754098360656,0.6885245901639344,14.0,1.0,0.4011299435028249,0.3107344632768362
"                                                                       plosion (see Figure 4), which corresponds to an angular",71.0,0.373015873015873,0.626984126984127,9.0,1.0,0.4011299435028249,0.288135593220339
"                                                                       diameter of ‚âà 0.4 mas, compatible with the HSA obser-",71.0,0.3548387096774194,0.6451612903225806,10.0,1.0,0.4011299435028249,0.2994350282485876
                                                                       vations reported in Table 1. We note however that within,71.0,0.3700787401574803,0.6299212598425197,10.0,1.0,0.4011299435028249,0.28248587570621464
"                                                                       the SSA model, which assumes spherical symmetry, we",71.0,0.36065573770491804,0.639344262295082,8.0,1.0,0.4011299435028249,0.3107344632768362
                                                                       are not able to model any potential asymmetry in the,71.0,0.34959349593495936,0.6504065040650406,10.0,1.0,0.4011299435028249,0.30508474576271183
  Fig. 4.‚Äî Radius vs time during phases 1 and 2. During phase          shock geometry.,2.0,0.7209302325581395,0.2790697674418605,14.0,6.0,0.011299435028248588,0.5141242937853108
"2, the radial evolution is modeled using Model 3 in table 3. The          Within the off-axis GRB scenario for the second ra-",0.0,0.76,0.24,22.0,6.0,0.0,0.29378531073446323
"date of the 16 GHz VLBI data is marked by the vertical dashed          dio peak, the ejecta will no longer produce a symmet-",0.0,0.75,0.25,23.0,6.0,0.0,0.2994350282485876
line. Our modeling does not include the time while encountering,0.0,0.8571428571428571,0.1428571428571429,10.0,1.0,0.0,0.6440677966101696
"the CSM discontinuity and shows that the shock has decelerated         ric image on the sky. Instead, the resolved image will",0.0,0.784,0.21599999999999997,20.0,5.0,0.0,0.29378531073446323
during phase 2.                                                        highlight the front edge of the jet heading to the ob-,0.0,0.456,0.544,14.0,29.0,0.0,0.29378531073446323
"                                                                       server, producing an elongated and curved shape. For",71.0,0.36585365853658536,0.6341463414634146,8.0,1.0,0.4011299435028249,0.30508474576271183
"                                                                       model 1 in Table 4, this curved front will have traveled",71.0,0.36220472440944884,0.6377952755905512,11.0,1.0,0.4011299435028249,0.28248587570621464
"1982, for a discussion of the s = 0 case). Finally, as                 R‚ä•,travel = 3.0 √ó 1019 cm in projected distance from the",0.0,0.7007874015748031,0.2992125984251969,23.0,9.0,0.0,0.28248587570621464
"shown in Figure 4, the combined radial evolution of the                origin of the explosion. The projected width of the im-",0.0,0.7301587301587301,0.2698412698412699,20.0,9.0,0.0,0.288135593220339
"shock as implied by Model 0 for the first peak of the                  age is R‚ä•,w = 1.4 √ó 1019 cm, and its projected height",0.0,0.6774193548387096,0.32258064516129037,24.0,10.0,0.0,0.2994350282485876
"PTF11qcj light curves and by Model 3 for the second                    R‚ä•,h = 2.5 √ó 1018 cm. These correspond to a pro-",0.0,0.6722689075630253,0.32773109243697474,21.0,11.0,0.0,0.327683615819209
"peak, implies that the shock has decelerated while en-                 jected angular distance from the origin of the explosion",0.0,0.7401574803149606,0.25984251968503935,18.0,9.0,0.0,0.28248587570621464
"countering the CSM discontinuity. A similar case is of                 of 35 mas, a projected angular width of 8 mas, and a pro-",0.0,0.7109375,0.2890625,22.0,9.0,0.0,0.2768361581920904
"SN2014C, where VLBI observations revealed that the SN                  jected angular height of 14 mas. Thus, if the second radio",0.0,0.7286821705426356,0.2713178294573644,19.0,10.0,0.0,0.27118644067796616
"has substantially decelerated at late times after encoun-              light curve peak of PTF11qcj was due to an off-axis GRB,",0.0,0.7559055118110236,0.2440944881889764,19.0,8.0,0.0,0.28248587570621464
tering a higher density shell (Bietenholz et al. 2020).                we should have resolved a much larger image in our HSA,0.0,0.728,0.272,20.0,9.0,0.0,0.29378531073446323
                                                                       observations.,71.0,0.15476190476190477,0.8452380952380952,1.0,1.0,0.4011299435028249,0.5254237288135593
             3.2. SSA plus off-axis GRB scenario                          We note that while the off‚Äìaxis GRB model consid-,13.0,0.5772357723577236,0.4227642276422764,15.0,14.0,0.07344632768361582,0.30508474576271183
"   Similarly to what done in Palliyaguru et al. (2019),                ered here assumes a top-hat jet, a structured jet such",3.0,0.712,0.28800000000000003,19.0,9.0,0.01694915254237288,0.29378531073446323
we also use numerical simulations for off-axis GRB jets                as the one considered in Nakar & Piran (2017) would,0.0,0.7295081967213115,0.2704918032786885,19.0,9.0,0.0,0.3107344632768362
by van Eerten et al. (2012) to model the second peak                   imply sizes that can be bracketed by the the two ex-,0.0,0.6829268292682927,0.31707317073170727,22.0,10.0,0.0,0.30508474576271183
"of PTF11qcj light curve within a constant density envi-                treme cases of a spherically symmetric blast wave, and",0.0,0.744,0.256,18.0,9.0,0.0,0.29378531073446323
avr_spaces,43.87878787878788,1.0,0.0,1.0,1.0,0.24790275637733267,0.943502824858757
                                                     VLBI observations of PTF11qcj                                                     7,53.0,0.19852941176470587,0.8014705882352942,5.0,27.0,0.2994350282485876,0.23163841807909602
                                                                 TABLE 4,65.0,0.08333333333333333,0.9166666666666666,2.0,1.0,0.3672316384180791,0.5932203389830508
"  Best fit results in the off-axis GRB scenario. The radius (R‚ä• ) and the corresponding angular diameter from modeling,",2.0,0.8319327731092437,0.16806722689075626,19.0,1.0,0.011299435028248588,0.327683615819209
"       and the expected radius from Equation (15) (R‚ä•,exp ) and the corresponding angular diameter are also listed.",7.0,0.8,0.19999999999999996,17.0,1.0,0.03954802259887006,0.3502824858757062
"   Model      Eiso       n            Œ∏0      Œ∏obs    p    œá2             R‚ä•          angular size  R‚ä•,exp       expected angular size",3.0,0.4253731343283582,0.5746268656716418,14.0,35.0,0.01694915254237288,0.24293785310734461
              (erg)      (cm‚àí3 )      (rad)   (rad)                       (cm)        (mas)         (cm)         (mas),14.0,0.3305084745762712,0.6694915254237288,9.0,31.0,0.07909604519774012,0.33333333333333337
   Model 1    1 √ó 1053   1 √ó 10‚àí5     0.2     0.4     2.5  1285/41 ‚âà 31   3.0 √ó 1019  35            4.8 √ó 1019   55,3.0,0.4956521739130435,0.5043478260869565,22.0,20.0,0.01694915254237288,0.3502824858757062
"a non-spreading relativistic cone. Indeed, for a spheri-                   Modeling of the light curves within an SSA scenario",0.0,0.7301587301587301,0.2698412698412699,17.0,10.0,0.0,0.288135593220339
"cally symmetric Sedov-Taylor blast wave, the analytical                 requires the interaction of the shock with a non-smooth",0.0,0.7559055118110236,0.2440944881889764,16.0,9.0,0.0,0.28248587570621464
expression for the shock radius at a late‚Äìtime t is given               CSM whose radial profile changes from a stellar wind,0.0,0.7338709677419355,0.2661290322580645,20.0,8.0,0.0,0.2994350282485876
by (van Eerten 2018):                                                   profile (ne ‚àù r‚àí2 ) to a constant density medium. This,0.0,0.49206349206349204,0.5079365079365079,15.0,26.0,0.0,0.288135593220339
                                                                        variable CSM profile also affects the temporal evolution,72.0,0.3828125,0.6171875,8.0,1.0,0.4067796610169492,0.2768361581920904
                                      1,23.0,0.05,0.95,2.0,8.0,0.12994350282485875,0.7740112994350282
                                    5‚àík          ‚àí1                  of the shock radius. We also find that synchrotron cool-,35.0,0.4296875,0.5703125,15.0,14.0,0.1977401129943503,0.2768361581920904
                           Ej               œÅref 5‚àík,27.0,0.17307692307692307,0.8269230769230769,3.0,8.0,0.15254237288135594,0.7062146892655368
         R = CR (k)                                      √ó              ing may be playing a role at the highest radio frequencies.,9.0,0.4351145038167939,0.5648854961832062,16.0,27.0,0.05084745762711865,0.25988700564971756
"                         1051 erg            mp                         Within this SSA model with variable CSM, the derived",25.0,0.4274193548387097,0.5725806451612903,12.0,19.0,0.14124293785310735,0.2994350282485876
                                         ‚àík ,27.0,0.08695652173913043,0.9130434782608696,3.0,8.0,0.15254237288135594,0.7401129943502824
                                         5‚àík            2,40.0,0.08620689655172414,0.9137931034482758,3.0,7.0,0.22598870056497175,0.672316384180791
                                                      5‚àík              size of the shock at the time of our HSA observations can,53.0,0.3875968992248062,0.6124031007751938,14.0,8.0,0.2994350282485876,0.27118644067796616
                               Rref                t                    be reconciled with our measurements. Our results are,31.0,0.4032258064516129,0.5967741935483871,10.0,19.0,0.1751412429378531,0.2994350282485876
                                                               (14),63.0,0.05970149253731343,0.9402985074626866,1.0,1.0,0.3559322033898305,0.6214689265536724
                             c √ó 106             108                    thus consistent with the CSM interaction model (con-,29.0,0.4274193548387097,0.5725806451612903,12.0,17.0,0.1638418079096045,0.2994350282485876
                                                                        sidering that such model is highly simplified). The size,72.0,0.375,0.625,9.0,1.0,0.4067796610169492,0.2768361581920904
where CR (k) = 1.5 parsec for the power law index of the                constraints derived from our HSA observations also seem,0.0,0.7244094488188977,0.2755905511811023,21.0,9.0,0.0,0.28248587570621464
"CSM density profile k = 1.4 (Model 1, Table 3), Ej is                   to disfavor an off-axis relativistic jet scenario for the ra-",0.0,0.706766917293233,0.29323308270676696,22.0,10.0,0.0,0.24858757062146897
"the total energy in the ejecta, œÅref and Rref are the cir-              dio re-brightening of PTF11qcj.",0.0,0.7281553398058253,0.27184466019417475,16.0,8.0,0.0,0.4180790960451978
"cumburst medium density and radius at a reference time                     In conclusion, the VLBI observations reported in this",0.0,0.71875,0.28125,17.0,11.0,0.0,0.2768361581920904
"(which we set to 10 days), respectively (van Eerten 2018).              paper favor the original interpretation of PTF11qcj as",0.0,0.7619047619047619,0.23809523809523814,18.0,8.0,0.0,0.288135593220339
"For the best fit parameters of Model 1 in Table 3, we find              a strongly CSM-interacting radio SN (see Corsi et al.",0.0,0.728,0.272,22.0,8.0,0.0,0.29378531073446323
"the expected radius would be 8.9√ó1017 cm (1 mas), larger                2014; Palliyaguru et al. 2019). However, our conclusions",0.0,0.75,0.25,18.0,9.0,0.0,0.2768361581920904
than our HSA constraint.                                                are limited by the simplifications inherent in the spheri-,0.0,0.5461538461538461,0.4538461538461539,13.0,25.0,0.0,0.2655367231638418
"   For a relativistic jet expanding into the ISM, the ap-               cally symmetric SSA model adopted here. We encourage",3.0,0.7258064516129032,0.27419354838709675,18.0,8.0,0.01694915254237288,0.2994350282485876
parent radius at time t may be calculated using the an-                 more detailed theoretical modeling aimed at interpreting,0.0,0.7421875,0.2578125,18.0,9.0,0.0,0.2768361581920904
alytical expression (Oren et al. 2004):                                 PTF11qcj complex radio light curve and available VLBI,0.0,0.64,0.36,14.0,17.0,0.0,0.29378531073446323
                                                                        data.,72.0,0.06493506493506493,0.935064935064935,1.0,1.0,0.4067796610169492,0.5649717514124294
                                    1/6,29.0,0.12195121951219512,0.8780487804878049,2.0,4.0,0.1638418079096045,0.768361581920904
                          16   E51           ‚àí1/8 5/8,26.0,0.22641509433962265,0.7735849056603774,4.0,7.0,0.14689265536723164,0.7005649717514124
"       R‚ä•,exp = 5 √ó 10                     Tj      t   ,       (15)",7.0,0.2835820895522388,0.7164179104477613,9.0,18.0,0.03954802259887006,0.6214689265536724
                                 n                                         A.C. acknowledges support from the National Science,33.0,0.36507936507936506,0.6349206349206349,8.0,21.0,0.1864406779661017,0.288135593220339
"                                                                        Foundation CAREER Award #1455090, and from the",72.0,0.3389830508474576,0.6610169491525424,7.0,1.0,0.4067796610169492,0.33333333333333337
where Tj = (E51 /n)1/3 (Œ∏0 /0.1)2 (1 + z) is the jet break              Chandra GO Award #GO7-18065X. N.T.P acknowl-,0.0,0.7241379310344828,0.27586206896551724,20.0,8.0,0.0,0.34463276836158196
"time, Œ∏0 is the jet half opening angle, n is the ISM number             edges support from NSF NANOGrav Physics Frontier",0.0,0.7416666666666667,0.2583333333333333,20.0,7.0,0.0,0.3220338983050848
density (Oren et al. 2004). For the best fit parameters                 Center (NSF Grant No. PFC-1430284) and start-up,0.0,0.7310924369747899,0.26890756302521013,17.0,9.0,0.0,0.327683615819209
"of Eiso , Œ∏0 , nISM listed in Table 4, the expected radius              funds to J.D. Romano from TTU. M.P.-T. acknowledges",0.0,0.7317073170731707,0.2682926829268293,21.0,8.0,0.0,0.30508474576271183
at 2759 days post explosion is 4.8 √ó 1019 cm. This cor-                 financial support from the State Agency for Research of,0.0,0.7165354330708661,0.2834645669291339,21.0,9.0,0.0,0.28248587570621464
"responds to an angular size of ‚àº 55 mas at the redshift                 the Spanish Ministry of Science, University, and Educa-",0.0,0.7244094488188977,0.2755905511811023,20.0,9.0,0.0,0.28248587570621464
"z = 0.028 of PTF11qcj, much larger than our HSA con-                    tion (MCIU) through the ‚ÄùCenter of Excellence Severo",0.0,0.7016129032258065,0.2983870967741935,19.0,11.0,0.0,0.2994350282485876
straint.                                                                Ochoa‚Äù award for the Instituto de Astrofƒ±ÃÅsica de An-,0.0,0.424,0.5760000000000001,10.0,33.0,0.0,0.29378531073446323
"   Based on these results, the off-axis hypothesis for the              dalucƒ±ÃÅa (SEV-2017-0709) and through grants AYA2015-",3.0,0.7580645161290323,0.24193548387096775,15.0,8.0,0.01694915254237288,0.2994350282485876
origin of the second radio peak of the PTF11qcj light                   63939-C2-1-P and PGC2018-098915-B-C21. The Na-,0.0,0.7288135593220338,0.27118644067796616,15.0,10.0,0.0,0.33333333333333337
curves is disfavored.                                                   tional Radio Astronomy Observatory is a facility of the,0.0,0.5196850393700787,0.4803149606299213,12.0,26.0,0.0,0.28248587570621464
                                                                        National Science Foundation operated under cooperative,72.0,0.3888888888888889,0.6111111111111112,6.0,1.0,0.4067796610169492,0.288135593220339
"                                                                        agreement by Associated Universities, Inc. e-MERLIN is",72.0,0.38095238095238093,0.6190476190476191,7.0,1.0,0.4067796610169492,0.288135593220339
               4. SUMMARY AND CONCLUSION                                a National Facility operated by the University of Manch-,15.0,0.546875,0.453125,13.0,17.0,0.0847457627118644,0.2768361581920904
   We have presented HSA and eMERLIN observations of                    ester at Jodrell Bank Observatory on behalf of STFC.,3.0,0.6935483870967742,0.30645161290322576,17.0,11.0,0.01694915254237288,0.2994350282485876
PTF11qcj obtained ‚àº7.5 yrs post explosion. The source                   This work made use of the Swinburne University of Tech-,0.0,0.7244094488188977,0.2755905511811023,18.0,10.0,0.0,0.28248587570621464
"is marginally resolved in the HSA data at 15 GHz, indi-                 nology software correlator, developed as part of the Aus-",0.0,0.7286821705426356,0.2713178294573644,20.0,9.0,0.0,0.27118644067796616
cating a diameter of (300 ¬± 71) ¬µas. This corresponds to                tralian Major National Research Facilities Programme,0.0,0.75,0.25,17.0,9.0,0.0,0.2994350282485876
an average expansion velocity of ‚âà 0.036 ¬± 0.008 c.                     and operated under licence.,0.0,0.6666666666666666,0.33333333333333337,14.0,11.0,0.0,0.44067796610169496
                                                              REFERENCES,62.0,0.1388888888888889,0.8611111111111112,1.0,1.0,0.3502824858757062,0.5932203389830508
"Achterberg, A., Gallant, Y. A., Kirk, J. G., & Guthmann, A. W.          Blandford, R. D., & McKee, C. F. 1976, Physics of Fluids, 19,",0.0,0.7593984962406015,0.24060150375939848,24.0,6.0,0.0,0.24858757062146897
"   2001, MNRAS, 328, 393                                                   1130",3.0,0.27848101265822783,0.7215189873417722,5.0,26.0,0.01694915254237288,0.5536723163841808
"Berger, E., Kulkarni, S. R., Frail, D. A., & Soderberg, A. M.           Cano, Z., et al. 2014, A&A, 568, A19",0.0,0.7314814814814815,0.2685185185185185,20.0,6.0,0.0,0.38983050847457623
"   2003, ApJ, 599, 408                                                  Chevalier, R. A. 1982, ApJ, 258, 790",3.0,0.42592592592592593,0.5740740740740741,11.0,26.0,0.01694915254237288,0.38983050847457623
"Bietenholz, M. F., Bartel, N., Kamble, A., Margutti, R.,                Chevalier, R. A. 1998, ApJ, 499, 810",0.0,0.7222222222222222,0.2777777777777778,16.0,9.0,0.0,0.38983050847457623
"   Matthews, D. J., & Milisavljevic, D. 2020, arXiv e-prints,           Chevalier, R. A., & Fransson, C. 2003, Supernova Interaction",3.0,0.7727272727272727,0.2272727272727273,18.0,6.0,0.01694915254237288,0.2542372881355932
"   arXiv:2012.12049                                                        with a Circumstellar Medium, ed. K. Weiler, Vol. 598 171",3.0,0.48091603053435117,0.5190839694656488,11.0,29.0,0.01694915254237288,0.25988700564971756
"                                                                        Chevalier, R. A., & Fransson, C. 2006, ApJ, 651, 381",72.0,0.3467741935483871,0.6532258064516129,10.0,1.0,0.4067796610169492,0.2994350282485876
avr_spaces,17.228571428571428,1.0,0.0,1.0,1.0,0.0973365617433414,0.943502824858757
 8                                                            Palliyaguru et al.,1.0,0.2125,0.7875,4.0,31.0,0.005649717514124294,0.5480225988700564
"Chevalier, R. A., Li, Z.-Y., & Fransson, C. 2004, ApJ, 606, 369         Nakar, E., & Piran, T. 2017, ApJ, 834, 28",0.0,0.7522123893805309,0.24778761061946908,21.0,5.0,0.0,0.3615819209039548
"Corsi, A., et al. 2016, ApJ, 830, 42                                    Offringa, A. R., McKinley, B., Hurley-Walker, et al. 2014,",0.0,0.6076923076923076,0.39230769230769236,17.0,19.0,0.0,0.2655367231638418
"Corsi, A., et al. 2014, ApJ, 782, 42                                      MNRAS, 444, 606",0.0,0.47191011235955055,0.5280898876404494,11.0,20.0,0.0,0.4971751412429378
"Deller, A. T., et al. 2011, PASP, 123, 275                              Oren, Y., Nakar, E., & Piran, T. 2004, MNRAS, 353, L35",0.0,0.6190476190476191,0.38095238095238093,20.0,16.0,0.0,0.288135593220339
"Filippenko, A. V. 1997, ARA&A, 35, 309                                  Palliyaguru, N. T., et al. 2019, ApJ, 872, 201",0.0,0.5932203389830508,0.4067796610169492,16.0,18.0,0.0,0.33333333333333337
"Gal-Yam, A. 2017, Observational and Physical Classification of          Piran, T. 2004, Reviews of Modern Physics, 76, 1143",0.0,0.7967479674796748,0.2032520325203252,17.0,6.0,0.0,0.30508474576271183
"   Supernovae, ed. A. W. Alsabti & P. Murdin 195                        Rivera Sandoval, L. E., Maccarone, T. J., Corsi, A., Brown, P. J.,",3.0,0.6666666666666666,0.33333333333333337,21.0,13.0,0.01694915254237288,0.22033898305084743
"Galama, T. J., et al. 1998, Nature, 395, 670                              Pooley, D., & Wheeler, J. C. 2018, MNRAS, 480, L146",0.0,0.624,0.376,19.0,16.0,0.0,0.29378531073446323
"Greisen, E. W. 2003, Information Handling in Astronomy -                Rybicki, G. B., & Lightman, A. P. 1986, Radiative Processes in",0.0,0.746268656716418,0.25373134328358204,20.0,9.0,0.0,0.24293785310734461
"   Historical Vistas, 285, 109                                            Astrophysics",3.0,0.4186046511627907,0.5813953488372092,5.0,23.0,0.01694915254237288,0.5141242937853108
"Hjorth, J., & Bloom, J. S. 2012, The Gamma-Ray Burst -                  Salas, P., Bauer, F. E., Stockdale, C., & Prieto, J. L. 2013,",0.0,0.706766917293233,0.29323308270676696,23.0,10.0,0.0,0.24858757062146897
"   Supernova Connection 169                                               MNRAS, 428, 1207",3.0,0.4,0.6,6.0,24.0,0.01694915254237288,0.4915254237288136
"Ho, A. Y. Q., et al. 2019a, ApJ, 887, 169                               Smartt, S. J., et al. 2018, The Astronomer‚Äôs Telegram, 11727, 1",0.0,0.6296296296296297,0.37037037037037035,21.0,16.0,0.0,0.23728813559322037
"Ho, A. Y. Q., et al. 2019b, ApJ, 871, 73                                Soderberg, A. M., et al. 2010, Nature, 463, 513",0.0,0.5882352941176471,0.4117647058823529,19.0,17.0,0.0,0.327683615819209
"Kettenis, M., van Langevelde, H. J., Reynolds, C., & Cotton, B.         Soderberg, A. M., Kulkarni, S. R., Berger, E., Chevalier, R. A.,",0.0,0.7867647058823529,0.21323529411764708,22.0,5.0,0.0,0.23163841807909602
"   2006, in Astronomical Society of the Pacific Conference Series,        Frail, D. A., Fox, D. B., & Walker, R. C. 2005, ApJ, 621, 908",3.0,0.762962962962963,0.23703703703703705,23.0,5.0,0.01694915254237288,0.23728813559322037
"   Vol. 351, Astronomical Data Analysis Software and Systems            Soderberg, A. M., Nakar, E., Berger, E., & Kulkarni, S. R. 2006,",3.0,0.7573529411764706,0.24264705882352944,20.0,7.0,0.01694915254237288,0.23163841807909602
"   XV, ed. C. Gabriel, C. Arviset, D. Ponz, & S. Enrique, 497             ApJ, 638, 930",3.0,0.6666666666666666,0.33333333333333337,15.0,7.0,0.01694915254237288,0.5084745762711864
"Kirk, J. G., Guthmann, A. W., Gallant, Y. A., & Achterberg, A.          Taylor, G. 1950, Proceedings of the Royal Society of London",0.0,0.7709923664122137,0.2290076335877863,22.0,6.0,0.0,0.25988700564971756
"   2000, ApJ, 542, 235                                                    Series A, 201, 159",3.0,0.33695652173913043,0.6630434782608696,8.0,27.0,0.01694915254237288,0.480225988700565
"Kulkarni, S. R., et al. 1998, Nature, 395, 663                          van Eerten, H. 2018, International Journal of Modern Physics D,",0.0,0.6814814814814815,0.31851851851851853,19.0,14.0,0.0,0.23728813559322037
"Li, Z.-Y., & Chevalier, R. A. 1999, ApJ, 526, 716                         27, 1842002",0.0,0.5882352941176471,0.4117647058823529,12.0,13.0,0.0,0.519774011299435
"Margutti, R., et al. 2019, ApJ, 872, 18                                 van Eerten, H., van der Horst, A., & MacFadyen, A. 2012, ApJ,",0.0,0.6165413533834586,0.3834586466165414,20.0,17.0,0.0,0.24858757062146897
"MeÃÅszaÃÅros, P. 2006, Reports on Progress in Physics, 69, 2259             749, 44",0.0,0.7160493827160493,0.28395061728395066,12.0,7.0,0.0,0.5423728813559322
"Modjaz, M., Liu, Y. Q., Bianco, F. B., & Graur, O. 2016, ApJ,           Woosley, S. E., & Bloom, J. S. 2006, ARA&A, 44, 507",0.0,0.7317073170731707,0.2682926829268293,24.0,6.0,0.0,0.30508474576271183
"   832, 108                                                             Zhang, W., & MacFadyen, A. 2009, ApJ, 698, 1261",3.0,0.3865546218487395,0.6134453781512605,11.0,31.0,0.01694915254237288,0.327683615819209
"Moldon, J. 2018, in 14th European VLBI Network Symposium &",0.0,0.8448275862068966,0.15517241379310343,10.0,1.0,0.0,0.672316384180791
"   Users Meeting (EVN 2018), 152",3.0,0.78125,0.21875,5.0,1.0,0.01694915254237288,0.8192090395480226
avr_spaces,0.9333333333333332,1.0,0.0,1.0,1.0,0.00527306967984934,0.943502824858757
